{"bits": [["b[q[0]]", [0]], ["b[q[1]]", [0]], ["b[q[2]]", [0]], ["b[q[3]]", [0]], ["b[q[4]]", [0]], ["b[q[5]]", [0]], ["b[q[6]]", [0]], ["b[q[7]]", [0]], ["b[q[8]]", [0]], ["c[q[0]]", [0]], ["c[q[1]]", [0]], ["c[q[2]]", [0]], ["c[q[3]]", [0]], ["c[q[4]]", [0]], ["c[q[5]]", [0]], ["c[q[6]]", [0]], ["c[q[7]]", [0]], ["c[q[8]]", [0]]], "commands": [{"args": [["a[q[0]]", [0]]], "op": {"type": "H"}}, {"args": [["a[q[4]]", [0]]], "op": {"type": "H"}}, {"args": [["a[q[5]]", [0]]], "op": {"type": "H"}}, {"args": [["a[q[6]]", [0]]], "op": {"type": "H"}}, {"args": [["a[q[8]]", [0]]], "op": {"type": "H"}}, {"args": [["q", [1]]], "op": {"type": "H"}}, {"args": [["q", [2]]], "op": {"type": "H"}}, {"args": [["q", [3]]], "op": {"type": "H"}}, {"args": [["q", [7]]], "op": {"type": "H"}}, {"args": [["a[q[0]]", [0]], ["a[q[1]]", [0]], ["a[q[2]]", [0]], ["a[q[3]]", [0]], ["a[q[4]]", [0]], ["a[q[5]]", [0]], ["a[q[6]]", [0]], ["a[q[7]]", [0]], ["a[q[8]]", [0]], ["q", [0]], ["q", [1]], ["q", [2]], ["q", [3]], ["q", [4]], ["q", [5]], ["q", [6]], ["q", [7]], ["q", [8]]], "op": {"data": "", "signature": ["Q", "Q", "Q", "Q", "Q", "Q", "Q", "Q", "Q", "Q", "Q", "Q", "Q", "Q", "Q", "Q", "Q", "Q"], "type": "Barrier"}}, {"args": [["q", [1]], ["a[q[1]]", [0]]], "op": {"type": "CX"}}, {"args": [["a[q[0]]", [0]], ["a[q[1]]", [0]], ["a[q[2]]", [0]], ["a[q[3]]", [0]], ["a[q[4]]", [0]], ["a[q[5]]", [0]], ["a[q[6]]", [0]], ["a[q[7]]", [0]], ["a[q[8]]", [0]], ["q", [0]], ["q", [1]], ["q", [2]], ["q", [3]], ["q", [4]], ["q", [5]], ["q", [6]], ["q", [7]], ["q", [8]]], "op": {"data": "", "signature": ["Q", "Q", "Q", "Q", "Q", "Q", "Q", "Q", "Q", "Q", "Q", "Q", "Q", "Q", "Q", "Q", "Q", "Q"], "type": "Barrier"}}, {"args": [["q", [7]], ["a[q[7]]", [0]]], "op": {"type": "CX"}}, {"args": [["a[q[0]]", [0]], ["a[q[1]]", [0]], ["a[q[2]]", [0]], ["a[q[3]]", [0]], ["a[q[4]]", [0]], ["a[q[5]]", [0]], ["a[q[6]]", [0]], ["a[q[7]]", [0]], ["a[q[8]]", [0]], ["q", [0]], ["q", [1]], ["q", [2]], ["q", [3]], ["q", [4]], ["q", [5]], ["q", [6]], ["q", [7]], ["q", [8]]], "op": {"data": "", "signature": ["Q", "Q", "Q", "Q", "Q", "Q", "Q", "Q", "Q", "Q", "Q", "Q", "Q", "Q", "Q", "Q", "Q", "Q"], "type": "Barrier"}}, {"args": [["a[q[0]]", [0]], ["q", [0]]], "op": {"type": "CX"}}, {"args": [["a[q[0]]", [0]], ["a[q[1]]", [0]], ["a[q[2]]", [0]], ["a[q[3]]", [0]], ["a[q[4]]", [0]], ["a[q[5]]", [0]], ["a[q[6]]", [0]], ["a[q[7]]", [0]], ["a[q[8]]", [0]], ["q", [0]], ["q", [1]], ["q", [2]], ["q", [3]], ["q", [4]], ["q", [5]], ["q", [6]], ["q", [7]], ["q", [8]]], "op": {"data": "", "signature": ["Q", "Q", "Q", "Q", "Q", "Q", "Q", "Q", "Q", "Q", "Q", "Q", "Q", "Q", "Q", "Q", "Q", "Q"], "type": "Barrier"}}, {"args": [["q", [1]], ["q", [0]]], "op": {"type": "CX"}}, {"args": [["a[q[0]]", [0]], ["a[q[1]]", [0]], ["a[q[2]]", [0]], ["a[q[3]]", [0]], ["a[q[4]]", [0]], ["a[q[5]]", [0]], ["a[q[6]]", [0]], ["a[q[7]]", [0]], ["a[q[8]]", [0]], ["q", [0]], ["q", [1]], ["q", [2]], ["q", [3]], ["q", [4]], ["q", [5]], ["q", [6]], ["q", [7]], ["q", [8]]], "op": {"data": "", "signature": ["Q", "Q", "Q", "Q", "Q", "Q", "Q", "Q", "Q", "Q", "Q", "Q", "Q", "Q", "Q", "Q", "Q", "Q"], "type": "Barrier"}}, {"args": [["a[q[8]]", [0]], ["q", [8]]], "op": {"type": "CX"}}, {"args": [["a[q[0]]", [0]], ["a[q[1]]", [0]], ["a[q[2]]", [0]], ["a[q[3]]", [0]], ["a[q[4]]", [0]], ["a[q[5]]", [0]], ["a[q[6]]", [0]], ["a[q[7]]", [0]], ["a[q[8]]", [0]], ["q", [0]], ["q", [1]], ["q", [2]], ["q", [3]], ["q", [4]], ["q", [5]], ["q", [6]], ["q", [7]], ["q", [8]]], "op": {"data": "", "signature": ["Q", "Q", "Q", "Q", "Q", "Q", "Q", "Q", "Q", "Q", "Q", "Q", "Q", "Q", "Q", "Q", "Q", "Q"], "type": "Barrier"}}, {"args": [["q", [7]], ["q", [8]]], "op": {"type": "CX"}}, {"args": [["a[q[0]]", [0]], ["a[q[1]]", [0]], ["a[q[2]]", [0]], ["a[q[3]]", [0]], ["a[q[4]]", [0]], ["a[q[5]]", [0]], ["a[q[6]]", [0]], ["a[q[7]]", [0]], ["a[q[8]]", [0]], ["q", [0]], ["q", [1]], ["q", [2]], ["q", [3]], ["q", [4]], ["q", [5]], ["q", [6]], ["q", [7]], ["q", [8]]], "op": {"data": "", "signature": ["Q", "Q", "Q", "Q", "Q", "Q", "Q", "Q", "Q", "Q", "Q", "Q", "Q", "Q", "Q", "Q", "Q", "Q"], "type": "Barrier"}}, {"args": [["q", [1]], ["a[q[1]]", [0]]], "op": {"type": "CX"}}, {"args": [["a[q[1]]", [0]], ["b[q[1]]", [0]]], "op": {"type": "Measure"}}, {"args": [["a[q[0]]", [0]], ["a[q[1]]", [0]], ["a[q[2]]", [0]], ["a[q[3]]", [0]], ["a[q[4]]", [0]], ["a[q[5]]", [0]], ["a[q[6]]", [0]], ["a[q[7]]", [0]], ["a[q[8]]", [0]], ["q", [0]], ["q", [1]], ["q", [2]], ["q", [3]], ["q", [4]], ["q", [5]], ["q", [6]], ["q", [7]], ["q", [8]]], "op": {"data": "", "signature": ["Q", "Q", "Q", "Q", "Q", "Q", "Q", "Q", "Q", "Q", "Q", "Q", "Q", "Q", "Q", "Q", "Q", "Q"], "type": "Barrier"}}, {"args": [["q", [7]], ["a[q[7]]", [0]]], "op": {"type": "CX"}}, {"args": [["a[q[7]]", [0]], ["b[q[7]]", [0]]], "op": {"type": "Measure"}}, {"args": [["a[q[0]]", [0]], ["a[q[1]]", [0]], ["a[q[2]]", [0]], ["a[q[3]]", [0]], ["a[q[4]]", [0]], ["a[q[5]]", [0]], ["a[q[6]]", [0]], ["a[q[7]]", [0]], ["a[q[8]]", [0]], ["q", [0]], ["q", [1]], ["q", [2]], ["q", [3]], ["q", [4]], ["q", [5]], ["q", [6]], ["q", [7]], ["q", [8]]], "op": {"data": "", "signature": ["Q", "Q", "Q", "Q", "Q", "Q", "Q", "Q", "Q", "Q", "Q", "Q", "Q", "Q", "Q", "Q", "Q", "Q"], "type": "Barrier"}}, {"args": [["q", [3]], ["a[q[3]]", [0]]], "op": {"type": "CX"}}, {"args": [["a[q[0]]", [0]], ["a[q[1]]", [0]], ["a[q[2]]", [0]], ["a[q[3]]", [0]], ["a[q[4]]", [0]], ["a[q[5]]", [0]], ["a[q[6]]", [0]], ["a[q[7]]", [0]], ["a[q[8]]", [0]], ["q", [0]], ["q", [1]], ["q", [2]], ["q", [3]], ["q", [4]], ["q", [5]], ["q", [6]], ["q", [7]], ["q", [8]]], "op": {"data": "", "signature": ["Q", "Q", "Q", "Q", "Q", "Q", "Q", "Q", "Q", "Q", "Q", "Q", "Q", "Q", "Q", "Q", "Q", "Q"], "type": "Barrier"}}, {"args": [["q", [3]], ["q", [8]]], "op": {"type": "CX"}}, {"args": [["a[q[0]]", [0]], ["a[q[1]]", [0]], ["a[q[2]]", [0]], ["a[q[3]]", [0]], ["a[q[4]]", [0]], ["a[q[5]]", [0]], ["a[q[6]]", [0]], ["a[q[7]]", [0]], ["a[q[8]]", [0]], ["q", [0]], ["q", [1]], ["q", [2]], ["q", [3]], ["q", [4]], ["q", [5]], ["q", [6]], ["q", [7]], ["q", [8]]], "op": {"data": "", "signature": ["Q", "Q", "Q", "Q", "Q", "Q", "Q", "Q", "Q", "Q", "Q", "Q", "Q", "Q", "Q", "Q", "Q", "Q"], "type": "Barrier"}}, {"args": [["a[q[4]]", [0]], ["q", [4]]], "op": {"type": "CX"}}, {"args": [["a[q[0]]", [0]], ["a[q[1]]", [0]], ["a[q[2]]", [0]], ["a[q[3]]", [0]], ["a[q[4]]", [0]], ["a[q[5]]", [0]], ["a[q[6]]", [0]], ["a[q[7]]", [0]], ["a[q[8]]", [0]], ["q", [0]], ["q", [1]], ["q", [2]], ["q", [3]], ["q", [4]], ["q", [5]], ["q", [6]], ["q", [7]], ["q", [8]]], "op": {"data": "", "signature": ["Q", "Q", "Q", "Q", "Q", "Q", "Q", "Q", "Q", "Q", "Q", "Q", "Q", "Q", "Q", "Q", "Q", "Q"], "type": "Barrier"}}, {"args": [["a[q[8]]", [0]], ["q", [8]]], "op": {"type": "CX"}}, {"args": [["a[q[8]]", [0]]], "op": {"type": "H"}}, {"args": [["a[q[8]]", [0]], ["b[q[8]]", [0]]], "op": {"type": "Measure"}}, {"args": [["a[q[0]]", [0]], ["a[q[1]]", [0]], ["a[q[2]]", [0]], ["a[q[3]]", [0]], ["a[q[4]]", [0]], ["a[q[5]]", [0]], ["a[q[6]]", [0]], ["a[q[7]]", [0]], ["a[q[8]]", [0]], ["q", [0]], ["q", [1]], ["q", [2]], ["q", [3]], ["q", [4]], ["q", [5]], ["q", [6]], ["q", [7]], ["q", [8]]], "op": {"data": "", "signature": ["Q", "Q", "Q", "Q", "Q", "Q", "Q", "Q", "Q", "Q", "Q", "Q", "Q", "Q", "Q", "Q", "Q", "Q"], "type": "Barrier"}}, {"args": [["q", [3]], ["q", [4]]], "op": {"type": "CX"}}, {"args": [["a[q[0]]", [0]], ["a[q[1]]", [0]], ["a[q[2]]", [0]], ["a[q[3]]", [0]], ["a[q[4]]", [0]], ["a[q[5]]", [0]], ["a[q[6]]", [0]], ["a[q[7]]", [0]], ["a[q[8]]", [0]], ["q", [0]], ["q", [1]], ["q", [2]], ["q", [3]], ["q", [4]], ["q", [5]], ["q", [6]], ["q", [7]], ["q", [8]]], "op": {"data": "", "signature": ["Q", "Q", "Q", "Q", "Q", "Q", "Q", "Q", "Q", "Q", "Q", "Q", "Q", "Q", "Q", "Q", "Q", "Q"], "type": "Barrier"}}, {"args": [["a[q[6]]", [0]], ["q", [6]]], "op": {"type": "CX"}}, {"args": [["a[q[0]]", [0]], ["a[q[1]]", [0]], ["a[q[2]]", [0]], ["a[q[3]]", [0]], ["a[q[4]]", [0]], ["a[q[5]]", [0]], ["a[q[6]]", [0]], ["a[q[7]]", [0]], ["a[q[8]]", [0]], ["q", [0]], ["q", [1]], ["q", [2]], ["q", [3]], ["q", [4]], ["q", [5]], ["q", [6]], ["q", [7]], ["q", [8]]], "op": {"data": "", "signature": ["Q", "Q", "Q", "Q", "Q", "Q", "Q", "Q", "Q", "Q", "Q", "Q", "Q", "Q", "Q", "Q", "Q", "Q"], "type": "Barrier"}}, {"args": [["q", [3]], ["q", [6]]], "op": {"type": "CX"}}, {"args": [["a[q[0]]", [0]], ["a[q[1]]", [0]], ["a[q[2]]", [0]], ["a[q[3]]", [0]], ["a[q[4]]", [0]], ["a[q[5]]", [0]], ["a[q[6]]", [0]], ["a[q[7]]", [0]], ["a[q[8]]", [0]], ["q", [0]], ["q", [1]], ["q", [2]], ["q", [3]], ["q", [4]], ["q", [5]], ["q", [6]], ["q", [7]], ["q", [8]]], "op": {"data": "", "signature": ["Q", "Q", "Q", "Q", "Q", "Q", "Q", "Q", "Q", "Q", "Q", "Q", "Q", "Q", "Q", "Q", "Q", "Q"], "type": "Barrier"}}, {"args": [["a[q[6]]", [0]], ["q", [6]]], "op": {"type": "CX"}}, {"args": [["a[q[6]]", [0]]], "op": {"type": "H"}}, {"args": [["a[q[6]]", [0]], ["b[q[6]]", [0]]], "op": {"type": "Measure"}}, {"args": [["a[q[0]]", [0]], ["a[q[1]]", [0]], ["a[q[2]]", [0]], ["a[q[3]]", [0]], ["a[q[4]]", [0]], ["a[q[5]]", [0]], ["a[q[6]]", [0]], ["a[q[7]]", [0]], ["a[q[8]]", [0]], ["q", [0]], ["q", [1]], ["q", [2]], ["q", [3]], ["q", [4]], ["q", [5]], ["q", [6]], ["q", [7]], ["q", [8]]], "op": {"data": "", "signature": ["Q", "Q", "Q", "Q", "Q", "Q", "Q", "Q", "Q", "Q", "Q", "Q", "Q", "Q", "Q", "Q", "Q", "Q"], "type": "Barrier"}}, {"args": [["q", [3]], ["a[q[3]]", [0]]], "op": {"type": "CX"}}, {"args": [["a[q[3]]", [0]], ["b[q[3]]", [0]]], "op": {"type": "Measure"}}, {"args": [["a[q[0]]", [0]], ["a[q[1]]", [0]], ["a[q[2]]", [0]], ["a[q[3]]", [0]], ["a[q[4]]", [0]], ["a[q[5]]", [0]], ["a[q[6]]", [0]], ["a[q[7]]", [0]], ["a[q[8]]", [0]], ["q", [0]], ["q", [1]], ["q", [2]], ["q", [3]], ["q", [4]], ["q", [5]], ["q", [6]], ["q", [7]], ["q", [8]]], "op": {"data": "", "signature": ["Q", "Q", "Q", "Q", "Q", "Q", "Q", "Q", "Q", "Q", "Q", "Q", "Q", "Q", "Q", "Q", "Q", "Q"], "type": "Barrier"}}, {"args": [["q", [2]], ["a[q[2]]", [0]]], "op": {"type": "CX"}}, {"args": [["a[q[0]]", [0]], ["a[q[1]]", [0]], ["a[q[2]]", [0]], ["a[q[3]]", [0]], ["a[q[4]]", [0]], ["a[q[5]]", [0]], ["a[q[6]]", [0]], ["a[q[7]]", [0]], ["a[q[8]]", [0]], ["q", [0]], ["q", [1]], ["q", [2]], ["q", [3]], ["q", [4]], ["q", [5]], ["q", [6]], ["q", [7]], ["q", [8]]], "op": {"data": "", "signature": ["Q", "Q", "Q", "Q", "Q", "Q", "Q", "Q", "Q", "Q", "Q", "Q", "Q", "Q", "Q", "Q", "Q", "Q"], "type": "Barrier"}}, {"args": [["a[q[5]]", [0]], ["q", [5]]], "op": {"type": "CX"}}, {"args": [["a[q[0]]", [0]], ["a[q[1]]", [0]], ["a[q[2]]", [0]], ["a[q[3]]", [0]], ["a[q[4]]", [0]], ["a[q[5]]", [0]], ["a[q[6]]", [0]], ["a[q[7]]", [0]], ["a[q[8]]", [0]], ["q", [0]], ["q", [1]], ["q", [2]], ["q", [3]], ["q", [4]], ["q", [5]], ["q", [6]], ["q", [7]], ["q", [8]]], "op": {"data": "", "signature": ["Q", "Q", "Q", "Q", "Q", "Q", "Q", "Q", "Q", "Q", "Q", "Q", "Q", "Q", "Q", "Q", "Q", "Q"], "type": "Barrier"}}, {"args": [["q", [2]], ["q", [5]]], "op": {"type": "CX"}}, {"args": [["a[q[0]]", [0]], ["a[q[1]]", [0]], ["a[q[2]]", [0]], ["a[q[3]]", [0]], ["a[q[4]]", [0]], ["a[q[5]]", [0]], ["a[q[6]]", [0]], ["a[q[7]]", [0]], ["a[q[8]]", [0]], ["q", [0]], ["q", [1]], ["q", [2]], ["q", [3]], ["q", [4]], ["q", [5]], ["q", [6]], ["q", [7]], ["q", [8]]], "op": {"data": "", "signature": ["Q", "Q", "Q", "Q", "Q", "Q", "Q", "Q", "Q", "Q", "Q", "Q", "Q", "Q", "Q", "Q", "Q", "Q"], "type": "Barrier"}}, {"args": [["a[q[5]]", [0]], ["q", [5]]], "op": {"type": "CX"}}, {"args": [["a[q[5]]", [0]]], "op": {"type": "H"}}, {"args": [["a[q[5]]", [0]], ["b[q[5]]", [0]]], "op": {"type": "Measure"}}, {"args": [["a[q[0]]", [0]], ["a[q[1]]", [0]], ["a[q[2]]", [0]], ["a[q[3]]", [0]], ["a[q[4]]", [0]], ["a[q[5]]", [0]], ["a[q[6]]", [0]], ["a[q[7]]", [0]], ["a[q[8]]", [0]], ["q", [0]], ["q", [1]], ["q", [2]], ["q", [3]], ["q", [4]], ["q", [5]], ["q", [6]], ["q", [7]], ["q", [8]]], "op": {"data": "", "signature": ["Q", "Q", "Q", "Q", "Q", "Q", "Q", "Q", "Q", "Q", "Q", "Q", "Q", "Q", "Q", "Q", "Q", "Q"], "type": "Barrier"}}, {"args": [["q", [2]], ["q", [0]]], "op": {"type": "CX"}}, {"args": [["a[q[0]]", [0]], ["a[q[1]]", [0]], ["a[q[2]]", [0]], ["a[q[3]]", [0]], ["a[q[4]]", [0]], ["a[q[5]]", [0]], ["a[q[6]]", [0]], ["a[q[7]]", [0]], ["a[q[8]]", [0]], ["q", [0]], ["q", [1]], ["q", [2]], ["q", [3]], ["q", [4]], ["q", [5]], ["q", [6]], ["q", [7]], ["q", [8]]], "op": {"data": "", "signature": ["Q", "Q", "Q", "Q", "Q", "Q", "Q", "Q", "Q", "Q", "Q", "Q", "Q", "Q", "Q", "Q", "Q", "Q"], "type": "Barrier"}}, {"args": [["a[q[0]]", [0]], ["q", [0]]], "op": {"type": "CX"}}, {"args": [["a[q[0]]", [0]]], "op": {"type": "H"}}, {"args": [["a[q[0]]", [0]], ["b[q[0]]", [0]]], "op": {"type": "Measure"}}, {"args": [["a[q[0]]", [0]], ["a[q[1]]", [0]], ["a[q[2]]", [0]], ["a[q[3]]", [0]], ["a[q[4]]", [0]], ["a[q[5]]", [0]], ["a[q[6]]", [0]], ["a[q[7]]", [0]], ["a[q[8]]", [0]], ["q", [0]], ["q", [1]], ["q", [2]], ["q", [3]], ["q", [4]], ["q", [5]], ["q", [6]], ["q", [7]], ["q", [8]]], "op": {"data": "", "signature": ["Q", "Q", "Q", "Q", "Q", "Q", "Q", "Q", "Q", "Q", "Q", "Q", "Q", "Q", "Q", "Q", "Q", "Q"], "type": "Barrier"}}, {"args": [["q", [2]], ["q", [4]]], "op": {"type": "CX"}}, {"args": [["a[q[0]]", [0]], ["a[q[1]]", [0]], ["a[q[2]]", [0]], ["a[q[3]]", [0]], ["a[q[4]]", [0]], ["a[q[5]]", [0]], ["a[q[6]]", [0]], ["a[q[7]]", [0]], ["a[q[8]]", [0]], ["q", [0]], ["q", [1]], ["q", [2]], ["q", [3]], ["q", [4]], ["q", [5]], ["q", [6]], ["q", [7]], ["q", [8]]], "op": {"data": "", "signature": ["Q", "Q", "Q", "Q", "Q", "Q", "Q", "Q", "Q", "Q", "Q", "Q", "Q", "Q", "Q", "Q", "Q", "Q"], "type": "Barrier"}}, {"args": [["a[q[4]]", [0]], ["q", [4]]], "op": {"type": "CX"}}, {"args": [["a[q[4]]", [0]]], "op": {"type": "H"}}, {"args": [["a[q[4]]", [0]], ["b[q[4]]", [0]]], "op": {"type": "Measure"}}, {"args": [["a[q[0]]", [0]], ["a[q[1]]", [0]], ["a[q[2]]", [0]], ["a[q[3]]", [0]], ["a[q[4]]", [0]], ["a[q[5]]", [0]], ["a[q[6]]", [0]], ["a[q[7]]", [0]], ["a[q[8]]", [0]], ["q", [0]], ["q", [1]], ["q", [2]], ["q", [3]], ["q", [4]], ["q", [5]], ["q", [6]], ["q", [7]], ["q", [8]]], "op": {"data": "", "signature": ["Q", "Q", "Q", "Q", "Q", "Q", "Q", "Q", "Q", "Q", "Q", "Q", "Q", "Q", "Q", "Q", "Q", "Q"], "type": "Barrier"}}, {"args": [["q", [2]], ["a[q[2]]", [0]]], "op": {"type": "CX"}}, {"args": [["q", [0]], ["c[q[0]]", [0]]], "op": {"type": "Measure"}}, {"args": [["q", [1]], ["c[q[1]]", [0]]], "op": {"type": "Measure"}}, {"args": [["q", [3]], ["c[q[3]]", [0]]], "op": {"type": "Measure"}}, {"args": [["q", [4]], ["c[q[4]]", [0]]], "op": {"type": "Measure"}}, {"args": [["q", [5]], ["c[q[5]]", [0]]], "op": {"type": "Measure"}}, {"args": [["q", [6]], ["c[q[6]]", [0]]], "op": {"type": "Measure"}}, {"args": [["q", [7]], ["c[q[7]]", [0]]], "op": {"type": "Measure"}}, {"args": [["q", [8]], ["c[q[8]]", [0]]], "op": {"type": "Measure"}}, {"args": [["a[q[2]]", [0]], ["b[q[2]]", [0]]], "op": {"type": "Measure"}}, {"args": [["q", [2]], ["c[q[2]]", [0]]], "op": {"type": "Measure"}}], "created_qubits": [], "discarded_qubits": [], "implicit_permutation": [[["a[q[0]]", [0]], ["a[q[0]]", [0]]], [["a[q[1]]", [0]], ["a[q[1]]", [0]]], [["a[q[2]]", [0]], ["a[q[2]]", [0]]], [["a[q[3]]", [0]], ["a[q[3]]", [0]]], [["a[q[4]]", [0]], ["a[q[4]]", [0]]], [["a[q[5]]", [0]], ["a[q[5]]", [0]]], [["a[q[6]]", [0]], ["a[q[6]]", [0]]], [["a[q[7]]", [0]], ["a[q[7]]", [0]]], [["a[q[8]]", [0]], ["a[q[8]]", [0]]], [["q", [0]], ["q", [0]]], [["q", [1]], ["q", [1]]], [["q", [2]], ["q", [2]]], [["q", [3]], ["q", [3]]], [["q", [4]], ["q", [4]]], [["q", [5]], ["q", [5]]], [["q", [6]], ["q", [6]]], [["q", [7]], ["q", [7]]], [["q", [8]], ["q", [8]]]], "phase": "0.0", "qubits": [["a[q[0]]", [0]], ["a[q[1]]", [0]], ["a[q[2]]", [0]], ["a[q[3]]", [0]], ["a[q[4]]", [0]], ["a[q[5]]", [0]], ["a[q[6]]", [0]], ["a[q[7]]", [0]], ["a[q[8]]", [0]], ["q", [0]], ["q", [1]], ["q", [2]], ["q", [3]], ["q", [4]], ["q", [5]], ["q", [6]], ["q", [7]], ["q", [8]]]}