{"bits": [["b[q[0]]", [0]], ["b[q[0]]", [1]], ["b[q[0]]", [2]], ["b[q[10]]", [0]], ["b[q[11]]", [0]], ["b[q[12]]", [0]], ["b[q[13]]", [0]], ["b[q[14]]", [0]], ["b[q[15]]", [0]], ["b[q[16]]", [0]], ["b[q[1]]", [0]], ["b[q[2]]", [0]], ["b[q[2]]", [1]], ["b[q[2]]", [2]], ["b[q[3]]", [0]], ["b[q[4]]", [0]], ["b[q[5]]", [0]], ["b[q[6]]", [0]], ["b[q[7]]", [0]], ["b[q[8]]", [0]], ["b[q[9]]", [0]], ["c", [0]], ["c", [1]], ["c", [2]], ["c", [3]], ["c", [4]], ["c", [5]], ["c", [6]], ["c", [7]], ["c", [8]], ["c", [9]], ["c", [10]], ["c", [11]], ["c", [12]], ["c", [13]], ["c", [14]], ["c", [15]], ["c", [16]], ["c", [17]], ["c", [18]], ["c", [19]], ["c", [20]], ["c", [21]], ["c", [22]], ["c", [23]], ["c", [24]], ["c", [25]], ["c", [26]], ["c", [27]], ["c", [28]], ["c", [29]], ["c", [30]], ["c", [31]], ["c", [32]], ["c", [33]], ["c", [34]], ["c", [35]], ["c", [36]], ["c", [37]]], "commands": [{"args": [["a[q[10]]", [0]]], "op": {"type": "H"}}, {"args": [["a[q[11]]", [0]]], "op": {"type": "H"}}, {"args": [["a[q[13]]", [0]]], "op": {"type": "H"}}, {"args": [["a[q[15]]", [0]]], "op": {"type": "H"}}, {"args": [["a[q[3]]", [0]]], "op": {"type": "H"}}, {"args": [["a[q[4]]", [0]]], "op": {"type": "H"}}, {"args": [["a[q[5]]", [0]]], "op": {"type": "H"}}, {"args": [["a[q[7]]", [0]]], "op": {"type": "H"}}, {"args": [["a[q[9]]", [0]]], "op": {"type": "H"}}, {"args": [["q", [0]]], "op": {"type": "H"}}, {"args": [["q", [1]]], "op": {"type": "H"}}, {"args": [["q", [2]]], "op": {"type": "H"}}, {"args": [["q", [6]]], "op": {"type": "H"}}, {"args": [["q", [8]]], "op": {"type": "H"}}, {"args": [["q", [12]]], "op": {"type": "H"}}, {"args": [["q", [14]]], "op": {"type": "H"}}, {"args": [["q", [16]]], "op": {"type": "H"}}, {"args": [["a[q[0]]", [0]], ["a[q[0]]", [1]], ["a[q[0]]", [2]], ["a[q[10]]", [0]], ["a[q[11]]", [0]], ["a[q[12]]", [0]], ["a[q[13]]", [0]], ["a[q[14]]", [0]], ["a[q[15]]", [0]], ["a[q[16]]", [0]], ["a[q[1]]", [0]], ["a[q[2]]", [0]], ["a[q[2]]", [1]], ["a[q[2]]", [2]], ["a[q[3]]", [0]], ["a[q[4]]", [0]], ["a[q[5]]", [0]], ["a[q[6]]", [0]], ["a[q[7]]", [0]], ["a[q[8]]", [0]], ["a[q[9]]", [0]], ["q", [0]], ["q", [1]], ["q", [2]], ["q", [3]], ["q", [4]], ["q", [5]], ["q", [6]], ["q", [7]], ["q", [8]], ["q", [9]], ["q", [10]], ["q", [11]], ["q", [12]], ["q", [13]], ["q", [14]], ["q", [15]], ["q", [16]]], "op": {"data": "", "signature": ["Q", "Q", "Q", "Q", "Q", "Q", "Q", "Q", "Q", "Q", "Q", "Q", "Q", "Q", "Q", "Q", "Q", "Q", "Q", "Q", "Q", "Q", "Q", "Q", "Q", "Q", "Q", "Q", "Q", "Q", "Q", "Q", "Q", "Q", "Q", "Q", "Q", "Q"], "type": "Barrier"}}, {"args": [["q", [0]], ["a[q[0]]", [2]]], "op": {"type": "CX"}}, {"args": [["a[q[0]]", [0]], ["a[q[0]]", [1]], ["a[q[0]]", [2]], ["a[q[10]]", [0]], ["a[q[11]]", [0]], ["a[q[12]]", [0]], ["a[q[13]]", [0]], ["a[q[14]]", [0]], ["a[q[15]]", [0]], ["a[q[16]]", [0]], ["a[q[1]]", [0]], ["a[q[2]]", [0]], ["a[q[2]]", [1]], ["a[q[2]]", [2]], ["a[q[3]]", [0]], ["a[q[4]]", [0]], ["a[q[5]]", [0]], ["a[q[6]]", [0]], ["a[q[7]]", [0]], ["a[q[8]]", [0]], ["a[q[9]]", [0]], ["q", [0]], ["q", [1]], ["q", [2]], ["q", [3]], ["q", [4]], ["q", [5]], ["q", [6]], ["q", [7]], ["q", [8]], ["q", [9]], ["q", [10]], ["q", [11]], ["q", [12]], ["q", [13]], ["q", [14]], ["q", [15]], ["q", [16]]], "op": {"data": "", "signature": ["Q", "Q", "Q", "Q", "Q", "Q", "Q", "Q", "Q", "Q", "Q", "Q", "Q", "Q", "Q", "Q", "Q", "Q", "Q", "Q", "Q", "Q", "Q", "Q", "Q", "Q", "Q", "Q", "Q", "Q", "Q", "Q", "Q", "Q", "Q", "Q", "Q", "Q"], "type": "Barrier"}}, {"args": [["q", [0]], ["a[q[0]]", [1]]], "op": {"type": "CX"}}, {"args": [["a[q[0]]", [0]], ["a[q[0]]", [1]], ["a[q[0]]", [2]], ["a[q[10]]", [0]], ["a[q[11]]", [0]], ["a[q[12]]", [0]], ["a[q[13]]", [0]], ["a[q[14]]", [0]], ["a[q[15]]", [0]], ["a[q[16]]", [0]], ["a[q[1]]", [0]], ["a[q[2]]", [0]], ["a[q[2]]", [1]], ["a[q[2]]", [2]], ["a[q[3]]", [0]], ["a[q[4]]", [0]], ["a[q[5]]", [0]], ["a[q[6]]", [0]], ["a[q[7]]", [0]], ["a[q[8]]", [0]], ["a[q[9]]", [0]], ["q", [0]], ["q", [1]], ["q", [2]], ["q", [3]], ["q", [4]], ["q", [5]], ["q", [6]], ["q", [7]], ["q", [8]], ["q", [9]], ["q", [10]], ["q", [11]], ["q", [12]], ["q", [13]], ["q", [14]], ["q", [15]], ["q", [16]]], "op": {"data": "", "signature": ["Q", "Q", "Q", "Q", "Q", "Q", "Q", "Q", "Q", "Q", "Q", "Q", "Q", "Q", "Q", "Q", "Q", "Q", "Q", "Q", "Q", "Q", "Q", "Q", "Q", "Q", "Q", "Q", "Q", "Q", "Q", "Q", "Q", "Q", "Q", "Q", "Q", "Q"], "type": "Barrier"}}, {"args": [["q", [0]], ["a[q[0]]", [0]]], "op": {"type": "CX"}}, {"args": [["a[q[0]]", [0]], ["a[q[0]]", [1]], ["a[q[0]]", [2]], ["a[q[10]]", [0]], ["a[q[11]]", [0]], ["a[q[12]]", [0]], ["a[q[13]]", [0]], ["a[q[14]]", [0]], ["a[q[15]]", [0]], ["a[q[16]]", [0]], ["a[q[1]]", [0]], ["a[q[2]]", [0]], ["a[q[2]]", [1]], ["a[q[2]]", [2]], ["a[q[3]]", [0]], ["a[q[4]]", [0]], ["a[q[5]]", [0]], ["a[q[6]]", [0]], ["a[q[7]]", [0]], ["a[q[8]]", [0]], ["a[q[9]]", [0]], ["q", [0]], ["q", [1]], ["q", [2]], ["q", [3]], ["q", [4]], ["q", [5]], ["q", [6]], ["q", [7]], ["q", [8]], ["q", [9]], ["q", [10]], ["q", [11]], ["q", [12]], ["q", [13]], ["q", [14]], ["q", [15]], ["q", [16]]], "op": {"data": "", "signature": ["Q", "Q", "Q", "Q", "Q", "Q", "Q", "Q", "Q", "Q", "Q", "Q", "Q", "Q", "Q", "Q", "Q", "Q", "Q", "Q", "Q", "Q", "Q", "Q", "Q", "Q", "Q", "Q", "Q", "Q", "Q", "Q", "Q", "Q", "Q", "Q", "Q", "Q"], "type": "Barrier"}}, {"args": [["a[q[10]]", [0]], ["q", [10]]], "op": {"type": "CX"}}, {"args": [["a[q[0]]", [0]], ["a[q[0]]", [1]], ["a[q[0]]", [2]], ["a[q[10]]", [0]], ["a[q[11]]", [0]], ["a[q[12]]", [0]], ["a[q[13]]", [0]], ["a[q[14]]", [0]], ["a[q[15]]", [0]], ["a[q[16]]", [0]], ["a[q[1]]", [0]], ["a[q[2]]", [0]], ["a[q[2]]", [1]], ["a[q[2]]", [2]], ["a[q[3]]", [0]], ["a[q[4]]", [0]], ["a[q[5]]", [0]], ["a[q[6]]", [0]], ["a[q[7]]", [0]], ["a[q[8]]", [0]], ["a[q[9]]", [0]], ["q", [0]], ["q", [1]], ["q", [2]], ["q", [3]], ["q", [4]], ["q", [5]], ["q", [6]], ["q", [7]], ["q", [8]], ["q", [9]], ["q", [10]], ["q", [11]], ["q", [12]], ["q", [13]], ["q", [14]], ["q", [15]], ["q", [16]]], "op": {"data": "", "signature": ["Q", "Q", "Q", "Q", "Q", "Q", "Q", "Q", "Q", "Q", "Q", "Q", "Q", "Q", "Q", "Q", "Q", "Q", "Q", "Q", "Q", "Q", "Q", "Q", "Q", "Q", "Q", "Q", "Q", "Q", "Q", "Q", "Q", "Q", "Q", "Q", "Q", "Q"], "type": "Barrier"}}, {"args": [["q", [0]], ["q", [10]]], "op": {"type": "CX"}}, {"args": [["a[q[0]]", [0]], ["a[q[0]]", [1]], ["a[q[0]]", [2]], ["a[q[10]]", [0]], ["a[q[11]]", [0]], ["a[q[12]]", [0]], ["a[q[13]]", [0]], ["a[q[14]]", [0]], ["a[q[15]]", [0]], ["a[q[16]]", [0]], ["a[q[1]]", [0]], ["a[q[2]]", [0]], ["a[q[2]]", [1]], ["a[q[2]]", [2]], ["a[q[3]]", [0]], ["a[q[4]]", [0]], ["a[q[5]]", [0]], ["a[q[6]]", [0]], ["a[q[7]]", [0]], ["a[q[8]]", [0]], ["a[q[9]]", [0]], ["q", [0]], ["q", [1]], ["q", [2]], ["q", [3]], ["q", [4]], ["q", [5]], ["q", [6]], ["q", [7]], ["q", [8]], ["q", [9]], ["q", [10]], ["q", [11]], ["q", [12]], ["q", [13]], ["q", [14]], ["q", [15]], ["q", [16]]], "op": {"data": "", "signature": ["Q", "Q", "Q", "Q", "Q", "Q", "Q", "Q", "Q", "Q", "Q", "Q", "Q", "Q", "Q", "Q", "Q", "Q", "Q", "Q", "Q", "Q", "Q", "Q", "Q", "Q", "Q", "Q", "Q", "Q", "Q", "Q", "Q", "Q", "Q", "Q", "Q", "Q"], "type": "Barrier"}}, {"args": [["a[q[15]]", [0]], ["q", [15]]], "op": {"type": "CX"}}, {"args": [["a[q[0]]", [0]], ["a[q[0]]", [1]], ["a[q[0]]", [2]], ["a[q[10]]", [0]], ["a[q[11]]", [0]], ["a[q[12]]", [0]], ["a[q[13]]", [0]], ["a[q[14]]", [0]], ["a[q[15]]", [0]], ["a[q[16]]", [0]], ["a[q[1]]", [0]], ["a[q[2]]", [0]], ["a[q[2]]", [1]], ["a[q[2]]", [2]], ["a[q[3]]", [0]], ["a[q[4]]", [0]], ["a[q[5]]", [0]], ["a[q[6]]", [0]], ["a[q[7]]", [0]], ["a[q[8]]", [0]], ["a[q[9]]", [0]], ["q", [0]], ["q", [1]], ["q", [2]], ["q", [3]], ["q", [4]], ["q", [5]], ["q", [6]], ["q", [7]], ["q", [8]], ["q", [9]], ["q", [10]], ["q", [11]], ["q", [12]], ["q", [13]], ["q", [14]], ["q", [15]], ["q", [16]]], "op": {"data": "", "signature": ["Q", "Q", "Q", "Q", "Q", "Q", "Q", "Q", "Q", "Q", "Q", "Q", "Q", "Q", "Q", "Q", "Q", "Q", "Q", "Q", "Q", "Q", "Q", "Q", "Q", "Q", "Q", "Q", "Q", "Q", "Q", "Q", "Q", "Q", "Q", "Q", "Q", "Q"], "type": "Barrier"}}, {"args": [["q", [0]], ["q", [15]]], "op": {"type": "CX"}}, {"args": [["a[q[0]]", [0]], ["a[q[0]]", [1]], ["a[q[0]]", [2]], ["a[q[10]]", [0]], ["a[q[11]]", [0]], ["a[q[12]]", [0]], ["a[q[13]]", [0]], ["a[q[14]]", [0]], ["a[q[15]]", [0]], ["a[q[16]]", [0]], ["a[q[1]]", [0]], ["a[q[2]]", [0]], ["a[q[2]]", [1]], ["a[q[2]]", [2]], ["a[q[3]]", [0]], ["a[q[4]]", [0]], ["a[q[5]]", [0]], ["a[q[6]]", [0]], ["a[q[7]]", [0]], ["a[q[8]]", [0]], ["a[q[9]]", [0]], ["q", [0]], ["q", [1]], ["q", [2]], ["q", [3]], ["q", [4]], ["q", [5]], ["q", [6]], ["q", [7]], ["q", [8]], ["q", [9]], ["q", [10]], ["q", [11]], ["q", [12]], ["q", [13]], ["q", [14]], ["q", [15]], ["q", [16]]], "op": {"data": "", "signature": ["Q", "Q", "Q", "Q", "Q", "Q", "Q", "Q", "Q", "Q", "Q", "Q", "Q", "Q", "Q", "Q", "Q", "Q", "Q", "Q", "Q", "Q", "Q", "Q", "Q", "Q", "Q", "Q", "Q", "Q", "Q", "Q", "Q", "Q", "Q", "Q", "Q", "Q"], "type": "Barrier"}}, {"args": [["q", [0]], ["a[q[0]]", [2]]], "op": {"type": "CX"}}, {"args": [["a[q[0]]", [2]]], "op": {"type": "H"}}, {"args": [["a[q[0]]", [0]], ["a[q[0]]", [1]], ["a[q[0]]", [2]], ["a[q[10]]", [0]], ["a[q[11]]", [0]], ["a[q[12]]", [0]], ["a[q[13]]", [0]], ["a[q[14]]", [0]], ["a[q[15]]", [0]], ["a[q[16]]", [0]], ["a[q[1]]", [0]], ["a[q[2]]", [0]], ["a[q[2]]", [1]], ["a[q[2]]", [2]], ["a[q[3]]", [0]], ["a[q[4]]", [0]], ["a[q[5]]", [0]], ["a[q[6]]", [0]], ["a[q[7]]", [0]], ["a[q[8]]", [0]], ["a[q[9]]", [0]], ["q", [0]], ["q", [1]], ["q", [2]], ["q", [3]], ["q", [4]], ["q", [5]], ["q", [6]], ["q", [7]], ["q", [8]], ["q", [9]], ["q", [10]], ["q", [11]], ["q", [12]], ["q", [13]], ["q", [14]], ["q", [15]], ["q", [16]]], "op": {"data": "", "signature": ["Q", "Q", "Q", "Q", "Q", "Q", "Q", "Q", "Q", "Q", "Q", "Q", "Q", "Q", "Q", "Q", "Q", "Q", "Q", "Q", "Q", "Q", "Q", "Q", "Q", "Q", "Q", "Q", "Q", "Q", "Q", "Q", "Q", "Q", "Q", "Q", "Q", "Q"], "type": "Barrier"}}, {"args": [["a[q[7]]", [0]], ["q", [7]]], "op": {"type": "CX"}}, {"args": [["a[q[0]]", [0]], ["a[q[0]]", [1]], ["a[q[0]]", [2]], ["a[q[10]]", [0]], ["a[q[11]]", [0]], ["a[q[12]]", [0]], ["a[q[13]]", [0]], ["a[q[14]]", [0]], ["a[q[15]]", [0]], ["a[q[16]]", [0]], ["a[q[1]]", [0]], ["a[q[2]]", [0]], ["a[q[2]]", [1]], ["a[q[2]]", [2]], ["a[q[3]]", [0]], ["a[q[4]]", [0]], ["a[q[5]]", [0]], ["a[q[6]]", [0]], ["a[q[7]]", [0]], ["a[q[8]]", [0]], ["a[q[9]]", [0]], ["q", [0]], ["q", [1]], ["q", [2]], ["q", [3]], ["q", [4]], ["q", [5]], ["q", [6]], ["q", [7]], ["q", [8]], ["q", [9]], ["q", [10]], ["q", [11]], ["q", [12]], ["q", [13]], ["q", [14]], ["q", [15]], ["q", [16]]], "op": {"data": "", "signature": ["Q", "Q", "Q", "Q", "Q", "Q", "Q", "Q", "Q", "Q", "Q", "Q", "Q", "Q", "Q", "Q", "Q", "Q", "Q", "Q", "Q", "Q", "Q", "Q", "Q", "Q", "Q", "Q", "Q", "Q", "Q", "Q", "Q", "Q", "Q", "Q", "Q", "Q"], "type": "Barrier"}}, {"args": [["a[q[0]]", [1]], ["q", [7]]], "op": {"type": "CX"}}, {"args": [["a[q[0]]", [0]], ["a[q[0]]", [1]], ["a[q[0]]", [2]], ["a[q[10]]", [0]], ["a[q[11]]", [0]], ["a[q[12]]", [0]], ["a[q[13]]", [0]], ["a[q[14]]", [0]], ["a[q[15]]", [0]], ["a[q[16]]", [0]], ["a[q[1]]", [0]], ["a[q[2]]", [0]], ["a[q[2]]", [1]], ["a[q[2]]", [2]], ["a[q[3]]", [0]], ["a[q[4]]", [0]], ["a[q[5]]", [0]], ["a[q[6]]", [0]], ["a[q[7]]", [0]], ["a[q[8]]", [0]], ["a[q[9]]", [0]], ["q", [0]], ["q", [1]], ["q", [2]], ["q", [3]], ["q", [4]], ["q", [5]], ["q", [6]], ["q", [7]], ["q", [8]], ["q", [9]], ["q", [10]], ["q", [11]], ["q", [12]], ["q", [13]], ["q", [14]], ["q", [15]], ["q", [16]]], "op": {"data": "", "signature": ["Q", "Q", "Q", "Q", "Q", "Q", "Q", "Q", "Q", "Q", "Q", "Q", "Q", "Q", "Q", "Q", "Q", "Q", "Q", "Q", "Q", "Q", "Q", "Q", "Q", "Q", "Q", "Q", "Q", "Q", "Q", "Q", "Q", "Q", "Q", "Q", "Q", "Q"], "type": "Barrier"}}, {"args": [["a[q[9]]", [0]], ["q", [9]]], "op": {"type": "CX"}}, {"args": [["a[q[0]]", [0]], ["a[q[0]]", [1]], ["a[q[0]]", [2]], ["a[q[10]]", [0]], ["a[q[11]]", [0]], ["a[q[12]]", [0]], ["a[q[13]]", [0]], ["a[q[14]]", [0]], ["a[q[15]]", [0]], ["a[q[16]]", [0]], ["a[q[1]]", [0]], ["a[q[2]]", [0]], ["a[q[2]]", [1]], ["a[q[2]]", [2]], ["a[q[3]]", [0]], ["a[q[4]]", [0]], ["a[q[5]]", [0]], ["a[q[6]]", [0]], ["a[q[7]]", [0]], ["a[q[8]]", [0]], ["a[q[9]]", [0]], ["q", [0]], ["q", [1]], ["q", [2]], ["q", [3]], ["q", [4]], ["q", [5]], ["q", [6]], ["q", [7]], ["q", [8]], ["q", [9]], ["q", [10]], ["q", [11]], ["q", [12]], ["q", [13]], ["q", [14]], ["q", [15]], ["q", [16]]], "op": {"data": "", "signature": ["Q", "Q", "Q", "Q", "Q", "Q", "Q", "Q", "Q", "Q", "Q", "Q", "Q", "Q", "Q", "Q", "Q", "Q", "Q", "Q", "Q", "Q", "Q", "Q", "Q", "Q", "Q", "Q", "Q", "Q", "Q", "Q", "Q", "Q", "Q", "Q", "Q", "Q"], "type": "Barrier"}}, {"args": [["a[q[0]]", [1]], ["q", [9]]], "op": {"type": "CX"}}, {"args": [["a[q[0]]", [0]], ["a[q[0]]", [1]], ["a[q[0]]", [2]], ["a[q[10]]", [0]], ["a[q[11]]", [0]], ["a[q[12]]", [0]], ["a[q[13]]", [0]], ["a[q[14]]", [0]], ["a[q[15]]", [0]], ["a[q[16]]", [0]], ["a[q[1]]", [0]], ["a[q[2]]", [0]], ["a[q[2]]", [1]], ["a[q[2]]", [2]], ["a[q[3]]", [0]], ["a[q[4]]", [0]], ["a[q[5]]", [0]], ["a[q[6]]", [0]], ["a[q[7]]", [0]], ["a[q[8]]", [0]], ["a[q[9]]", [0]], ["q", [0]], ["q", [1]], ["q", [2]], ["q", [3]], ["q", [4]], ["q", [5]], ["q", [6]], ["q", [7]], ["q", [8]], ["q", [9]], ["q", [10]], ["q", [11]], ["q", [12]], ["q", [13]], ["q", [14]], ["q", [15]], ["q", [16]]], "op": {"data": "", "signature": ["Q", "Q", "Q", "Q", "Q", "Q", "Q", "Q", "Q", "Q", "Q", "Q", "Q", "Q", "Q", "Q", "Q", "Q", "Q", "Q", "Q", "Q", "Q", "Q", "Q", "Q", "Q", "Q", "Q", "Q", "Q", "Q", "Q", "Q", "Q", "Q", "Q", "Q"], "type": "Barrier"}}, {"args": [["a[q[4]]", [0]], ["q", [4]]], "op": {"type": "CX"}}, {"args": [["a[q[0]]", [0]], ["a[q[0]]", [1]], ["a[q[0]]", [2]], ["a[q[10]]", [0]], ["a[q[11]]", [0]], ["a[q[12]]", [0]], ["a[q[13]]", [0]], ["a[q[14]]", [0]], ["a[q[15]]", [0]], ["a[q[16]]", [0]], ["a[q[1]]", [0]], ["a[q[2]]", [0]], ["a[q[2]]", [1]], ["a[q[2]]", [2]], ["a[q[3]]", [0]], ["a[q[4]]", [0]], ["a[q[5]]", [0]], ["a[q[6]]", [0]], ["a[q[7]]", [0]], ["a[q[8]]", [0]], ["a[q[9]]", [0]], ["q", [0]], ["q", [1]], ["q", [2]], ["q", [3]], ["q", [4]], ["q", [5]], ["q", [6]], ["q", [7]], ["q", [8]], ["q", [9]], ["q", [10]], ["q", [11]], ["q", [12]], ["q", [13]], ["q", [14]], ["q", [15]], ["q", [16]]], "op": {"data": "", "signature": ["Q", "Q", "Q", "Q", "Q", "Q", "Q", "Q", "Q", "Q", "Q", "Q", "Q", "Q", "Q", "Q", "Q", "Q", "Q", "Q", "Q", "Q", "Q", "Q", "Q", "Q", "Q", "Q", "Q", "Q", "Q", "Q", "Q", "Q", "Q", "Q", "Q", "Q"], "type": "Barrier"}}, {"args": [["q", [0]], ["q", [4]]], "op": {"type": "CX"}}, {"args": [["a[q[0]]", [0]], ["a[q[0]]", [1]], ["a[q[0]]", [2]], ["a[q[10]]", [0]], ["a[q[11]]", [0]], ["a[q[12]]", [0]], ["a[q[13]]", [0]], ["a[q[14]]", [0]], ["a[q[15]]", [0]], ["a[q[16]]", [0]], ["a[q[1]]", [0]], ["a[q[2]]", [0]], ["a[q[2]]", [1]], ["a[q[2]]", [2]], ["a[q[3]]", [0]], ["a[q[4]]", [0]], ["a[q[5]]", [0]], ["a[q[6]]", [0]], ["a[q[7]]", [0]], ["a[q[8]]", [0]], ["a[q[9]]", [0]], ["q", [0]], ["q", [1]], ["q", [2]], ["q", [3]], ["q", [4]], ["q", [5]], ["q", [6]], ["q", [7]], ["q", [8]], ["q", [9]], ["q", [10]], ["q", [11]], ["q", [12]], ["q", [13]], ["q", [14]], ["q", [15]], ["q", [16]]], "op": {"data": "", "signature": ["Q", "Q", "Q", "Q", "Q", "Q", "Q", "Q", "Q", "Q", "Q", "Q", "Q", "Q", "Q", "Q", "Q", "Q", "Q", "Q", "Q", "Q", "Q", "Q", "Q", "Q", "Q", "Q", "Q", "Q", "Q", "Q", "Q", "Q", "Q", "Q", "Q", "Q"], "type": "Barrier"}}, {"args": [["a[q[13]]", [0]], ["q", [13]]], "op": {"type": "CX"}}, {"args": [["a[q[0]]", [0]], ["a[q[0]]", [1]], ["a[q[0]]", [2]], ["a[q[10]]", [0]], ["a[q[11]]", [0]], ["a[q[12]]", [0]], ["a[q[13]]", [0]], ["a[q[14]]", [0]], ["a[q[15]]", [0]], ["a[q[16]]", [0]], ["a[q[1]]", [0]], ["a[q[2]]", [0]], ["a[q[2]]", [1]], ["a[q[2]]", [2]], ["a[q[3]]", [0]], ["a[q[4]]", [0]], ["a[q[5]]", [0]], ["a[q[6]]", [0]], ["a[q[7]]", [0]], ["a[q[8]]", [0]], ["a[q[9]]", [0]], ["q", [0]], ["q", [1]], ["q", [2]], ["q", [3]], ["q", [4]], ["q", [5]], ["q", [6]], ["q", [7]], ["q", [8]], ["q", [9]], ["q", [10]], ["q", [11]], ["q", [12]], ["q", [13]], ["q", [14]], ["q", [15]], ["q", [16]]], "op": {"data": "", "signature": ["Q", "Q", "Q", "Q", "Q", "Q", "Q", "Q", "Q", "Q", "Q", "Q", "Q", "Q", "Q", "Q", "Q", "Q", "Q", "Q", "Q", "Q", "Q", "Q", "Q", "Q", "Q", "Q", "Q", "Q", "Q", "Q", "Q", "Q", "Q", "Q", "Q", "Q"], "type": "Barrier"}}, {"args": [["q", [0]], ["q", [13]]], "op": {"type": "CX"}}, {"args": [["a[q[0]]", [0]], ["a[q[0]]", [1]], ["a[q[0]]", [2]], ["a[q[10]]", [0]], ["a[q[11]]", [0]], ["a[q[12]]", [0]], ["a[q[13]]", [0]], ["a[q[14]]", [0]], ["a[q[15]]", [0]], ["a[q[16]]", [0]], ["a[q[1]]", [0]], ["a[q[2]]", [0]], ["a[q[2]]", [1]], ["a[q[2]]", [2]], ["a[q[3]]", [0]], ["a[q[4]]", [0]], ["a[q[5]]", [0]], ["a[q[6]]", [0]], ["a[q[7]]", [0]], ["a[q[8]]", [0]], ["a[q[9]]", [0]], ["q", [0]], ["q", [1]], ["q", [2]], ["q", [3]], ["q", [4]], ["q", [5]], ["q", [6]], ["q", [7]], ["q", [8]], ["q", [9]], ["q", [10]], ["q", [11]], ["q", [12]], ["q", [13]], ["q", [14]], ["q", [15]], ["q", [16]]], "op": {"data": "", "signature": ["Q", "Q", "Q", "Q", "Q", "Q", "Q", "Q", "Q", "Q", "Q", "Q", "Q", "Q", "Q", "Q", "Q", "Q", "Q", "Q", "Q", "Q", "Q", "Q", "Q", "Q", "Q", "Q", "Q", "Q", "Q", "Q", "Q", "Q", "Q", "Q", "Q", "Q"], "type": "Barrier"}}, {"args": [["q", [0]], ["a[q[0]]", [1]]], "op": {"type": "CX"}}, {"args": [["a[q[0]]", [1]]], "op": {"type": "H"}}, {"args": [["a[q[0]]", [0]], ["a[q[0]]", [1]], ["a[q[0]]", [2]], ["a[q[10]]", [0]], ["a[q[11]]", [0]], ["a[q[12]]", [0]], ["a[q[13]]", [0]], ["a[q[14]]", [0]], ["a[q[15]]", [0]], ["a[q[16]]", [0]], ["a[q[1]]", [0]], ["a[q[2]]", [0]], ["a[q[2]]", [1]], ["a[q[2]]", [2]], ["a[q[3]]", [0]], ["a[q[4]]", [0]], ["a[q[5]]", [0]], ["a[q[6]]", [0]], ["a[q[7]]", [0]], ["a[q[8]]", [0]], ["a[q[9]]", [0]], ["q", [0]], ["q", [1]], ["q", [2]], ["q", [3]], ["q", [4]], ["q", [5]], ["q", [6]], ["q", [7]], ["q", [8]], ["q", [9]], ["q", [10]], ["q", [11]], ["q", [12]], ["q", [13]], ["q", [14]], ["q", [15]], ["q", [16]]], "op": {"data": "", "signature": ["Q", "Q", "Q", "Q", "Q", "Q", "Q", "Q", "Q", "Q", "Q", "Q", "Q", "Q", "Q", "Q", "Q", "Q", "Q", "Q", "Q", "Q", "Q", "Q", "Q", "Q", "Q", "Q", "Q", "Q", "Q", "Q", "Q", "Q", "Q", "Q", "Q", "Q"], "type": "Barrier"}}, {"args": [["a[q[3]]", [0]], ["q", [3]]], "op": {"type": "CX"}}, {"args": [["a[q[0]]", [0]], ["a[q[0]]", [1]], ["a[q[0]]", [2]], ["a[q[10]]", [0]], ["a[q[11]]", [0]], ["a[q[12]]", [0]], ["a[q[13]]", [0]], ["a[q[14]]", [0]], ["a[q[15]]", [0]], ["a[q[16]]", [0]], ["a[q[1]]", [0]], ["a[q[2]]", [0]], ["a[q[2]]", [1]], ["a[q[2]]", [2]], ["a[q[3]]", [0]], ["a[q[4]]", [0]], ["a[q[5]]", [0]], ["a[q[6]]", [0]], ["a[q[7]]", [0]], ["a[q[8]]", [0]], ["a[q[9]]", [0]], ["q", [0]], ["q", [1]], ["q", [2]], ["q", [3]], ["q", [4]], ["q", [5]], ["q", [6]], ["q", [7]], ["q", [8]], ["q", [9]], ["q", [10]], ["q", [11]], ["q", [12]], ["q", [13]], ["q", [14]], ["q", [15]], ["q", [16]]], "op": {"data": "", "signature": ["Q", "Q", "Q", "Q", "Q", "Q", "Q", "Q", "Q", "Q", "Q", "Q", "Q", "Q", "Q", "Q", "Q", "Q", "Q", "Q", "Q", "Q", "Q", "Q", "Q", "Q", "Q", "Q", "Q", "Q", "Q", "Q", "Q", "Q", "Q", "Q", "Q", "Q"], "type": "Barrier"}}, {"args": [["q", [0]], ["q", [3]]], "op": {"type": "CX"}}, {"args": [["a[q[0]]", [0]], ["a[q[0]]", [1]], ["a[q[0]]", [2]], ["a[q[10]]", [0]], ["a[q[11]]", [0]], ["a[q[12]]", [0]], ["a[q[13]]", [0]], ["a[q[14]]", [0]], ["a[q[15]]", [0]], ["a[q[16]]", [0]], ["a[q[1]]", [0]], ["a[q[2]]", [0]], ["a[q[2]]", [1]], ["a[q[2]]", [2]], ["a[q[3]]", [0]], ["a[q[4]]", [0]], ["a[q[5]]", [0]], ["a[q[6]]", [0]], ["a[q[7]]", [0]], ["a[q[8]]", [0]], ["a[q[9]]", [0]], ["q", [0]], ["q", [1]], ["q", [2]], ["q", [3]], ["q", [4]], ["q", [5]], ["q", [6]], ["q", [7]], ["q", [8]], ["q", [9]], ["q", [10]], ["q", [11]], ["q", [12]], ["q", [13]], ["q", [14]], ["q", [15]], ["q", [16]]], "op": {"data": "", "signature": ["Q", "Q", "Q", "Q", "Q", "Q", "Q", "Q", "Q", "Q", "Q", "Q", "Q", "Q", "Q", "Q", "Q", "Q", "Q", "Q", "Q", "Q", "Q", "Q", "Q", "Q", "Q", "Q", "Q", "Q", "Q", "Q", "Q", "Q", "Q", "Q", "Q", "Q"], "type": "Barrier"}}, {"args": [["q", [0]], ["a[q[0]]", [0]]], "op": {"type": "CX"}}, {"args": [["a[q[0]]", [0]]], "op": {"type": "H"}}, {"args": [["a[q[0]]", [0]], ["a[q[0]]", [1]], ["a[q[0]]", [2]], ["a[q[10]]", [0]], ["a[q[11]]", [0]], ["a[q[12]]", [0]], ["a[q[13]]", [0]], ["a[q[14]]", [0]], ["a[q[15]]", [0]], ["a[q[16]]", [0]], ["a[q[1]]", [0]], ["a[q[2]]", [0]], ["a[q[2]]", [1]], ["a[q[2]]", [2]], ["a[q[3]]", [0]], ["a[q[4]]", [0]], ["a[q[5]]", [0]], ["a[q[6]]", [0]], ["a[q[7]]", [0]], ["a[q[8]]", [0]], ["a[q[9]]", [0]], ["q", [0]], ["q", [1]], ["q", [2]], ["q", [3]], ["q", [4]], ["q", [5]], ["q", [6]], ["q", [7]], ["q", [8]], ["q", [9]], ["q", [10]], ["q", [11]], ["q", [12]], ["q", [13]], ["q", [14]], ["q", [15]], ["q", [16]]], "op": {"data": "", "signature": ["Q", "Q", "Q", "Q", "Q", "Q", "Q", "Q", "Q", "Q", "Q", "Q", "Q", "Q", "Q", "Q", "Q", "Q", "Q", "Q", "Q", "Q", "Q", "Q", "Q", "Q", "Q", "Q", "Q", "Q", "Q", "Q", "Q", "Q", "Q", "Q", "Q", "Q"], "type": "Barrier"}}, {"args": [["q", [2]], ["a[q[2]]", [2]]], "op": {"type": "CX"}}, {"args": [["a[q[0]]", [0]], ["a[q[0]]", [1]], ["a[q[0]]", [2]], ["a[q[10]]", [0]], ["a[q[11]]", [0]], ["a[q[12]]", [0]], ["a[q[13]]", [0]], ["a[q[14]]", [0]], ["a[q[15]]", [0]], ["a[q[16]]", [0]], ["a[q[1]]", [0]], ["a[q[2]]", [0]], ["a[q[2]]", [1]], ["a[q[2]]", [2]], ["a[q[3]]", [0]], ["a[q[4]]", [0]], ["a[q[5]]", [0]], ["a[q[6]]", [0]], ["a[q[7]]", [0]], ["a[q[8]]", [0]], ["a[q[9]]", [0]], ["q", [0]], ["q", [1]], ["q", [2]], ["q", [3]], ["q", [4]], ["q", [5]], ["q", [6]], ["q", [7]], ["q", [8]], ["q", [9]], ["q", [10]], ["q", [11]], ["q", [12]], ["q", [13]], ["q", [14]], ["q", [15]], ["q", [16]]], "op": {"data": "", "signature": ["Q", "Q", "Q", "Q", "Q", "Q", "Q", "Q", "Q", "Q", "Q", "Q", "Q", "Q", "Q", "Q", "Q", "Q", "Q", "Q", "Q", "Q", "Q", "Q", "Q", "Q", "Q", "Q", "Q", "Q", "Q", "Q", "Q", "Q", "Q", "Q", "Q", "Q"], "type": "Barrier"}}, {"args": [["q", [2]], ["a[q[2]]", [1]]], "op": {"type": "CX"}}, {"args": [["a[q[0]]", [0]], ["a[q[0]]", [1]], ["a[q[0]]", [2]], ["a[q[10]]", [0]], ["a[q[11]]", [0]], ["a[q[12]]", [0]], ["a[q[13]]", [0]], ["a[q[14]]", [0]], ["a[q[15]]", [0]], ["a[q[16]]", [0]], ["a[q[1]]", [0]], ["a[q[2]]", [0]], ["a[q[2]]", [1]], ["a[q[2]]", [2]], ["a[q[3]]", [0]], ["a[q[4]]", [0]], ["a[q[5]]", [0]], ["a[q[6]]", [0]], ["a[q[7]]", [0]], ["a[q[8]]", [0]], ["a[q[9]]", [0]], ["q", [0]], ["q", [1]], ["q", [2]], ["q", [3]], ["q", [4]], ["q", [5]], ["q", [6]], ["q", [7]], ["q", [8]], ["q", [9]], ["q", [10]], ["q", [11]], ["q", [12]], ["q", [13]], ["q", [14]], ["q", [15]], ["q", [16]]], "op": {"data": "", "signature": ["Q", "Q", "Q", "Q", "Q", "Q", "Q", "Q", "Q", "Q", "Q", "Q", "Q", "Q", "Q", "Q", "Q", "Q", "Q", "Q", "Q", "Q", "Q", "Q", "Q", "Q", "Q", "Q", "Q", "Q", "Q", "Q", "Q", "Q", "Q", "Q", "Q", "Q"], "type": "Barrier"}}, {"args": [["q", [2]], ["a[q[2]]", [0]]], "op": {"type": "CX"}}, {"args": [["a[q[0]]", [0]], ["a[q[0]]", [1]], ["a[q[0]]", [2]], ["a[q[10]]", [0]], ["a[q[11]]", [0]], ["a[q[12]]", [0]], ["a[q[13]]", [0]], ["a[q[14]]", [0]], ["a[q[15]]", [0]], ["a[q[16]]", [0]], ["a[q[1]]", [0]], ["a[q[2]]", [0]], ["a[q[2]]", [1]], ["a[q[2]]", [2]], ["a[q[3]]", [0]], ["a[q[4]]", [0]], ["a[q[5]]", [0]], ["a[q[6]]", [0]], ["a[q[7]]", [0]], ["a[q[8]]", [0]], ["a[q[9]]", [0]], ["q", [0]], ["q", [1]], ["q", [2]], ["q", [3]], ["q", [4]], ["q", [5]], ["q", [6]], ["q", [7]], ["q", [8]], ["q", [9]], ["q", [10]], ["q", [11]], ["q", [12]], ["q", [13]], ["q", [14]], ["q", [15]], ["q", [16]]], "op": {"data": "", "signature": ["Q", "Q", "Q", "Q", "Q", "Q", "Q", "Q", "Q", "Q", "Q", "Q", "Q", "Q", "Q", "Q", "Q", "Q", "Q", "Q", "Q", "Q", "Q", "Q", "Q", "Q", "Q", "Q", "Q", "Q", "Q", "Q", "Q", "Q", "Q", "Q", "Q", "Q"], "type": "Barrier"}}, {"args": [["a[q[11]]", [0]], ["q", [11]]], "op": {"type": "CX"}}, {"args": [["a[q[0]]", [0]], ["a[q[0]]", [1]], ["a[q[0]]", [2]], ["a[q[10]]", [0]], ["a[q[11]]", [0]], ["a[q[12]]", [0]], ["a[q[13]]", [0]], ["a[q[14]]", [0]], ["a[q[15]]", [0]], ["a[q[16]]", [0]], ["a[q[1]]", [0]], ["a[q[2]]", [0]], ["a[q[2]]", [1]], ["a[q[2]]", [2]], ["a[q[3]]", [0]], ["a[q[4]]", [0]], ["a[q[5]]", [0]], ["a[q[6]]", [0]], ["a[q[7]]", [0]], ["a[q[8]]", [0]], ["a[q[9]]", [0]], ["q", [0]], ["q", [1]], ["q", [2]], ["q", [3]], ["q", [4]], ["q", [5]], ["q", [6]], ["q", [7]], ["q", [8]], ["q", [9]], ["q", [10]], ["q", [11]], ["q", [12]], ["q", [13]], ["q", [14]], ["q", [15]], ["q", [16]]], "op": {"data": "", "signature": ["Q", "Q", "Q", "Q", "Q", "Q", "Q", "Q", "Q", "Q", "Q", "Q", "Q", "Q", "Q", "Q", "Q", "Q", "Q", "Q", "Q", "Q", "Q", "Q", "Q", "Q", "Q", "Q", "Q", "Q", "Q", "Q", "Q", "Q", "Q", "Q", "Q", "Q"], "type": "Barrier"}}, {"args": [["q", [2]], ["q", [11]]], "op": {"type": "CX"}}, {"args": [["a[q[0]]", [0]], ["a[q[0]]", [1]], ["a[q[0]]", [2]], ["a[q[10]]", [0]], ["a[q[11]]", [0]], ["a[q[12]]", [0]], ["a[q[13]]", [0]], ["a[q[14]]", [0]], ["a[q[15]]", [0]], ["a[q[16]]", [0]], ["a[q[1]]", [0]], ["a[q[2]]", [0]], ["a[q[2]]", [1]], ["a[q[2]]", [2]], ["a[q[3]]", [0]], ["a[q[4]]", [0]], ["a[q[5]]", [0]], ["a[q[6]]", [0]], ["a[q[7]]", [0]], ["a[q[8]]", [0]], ["a[q[9]]", [0]], ["q", [0]], ["q", [1]], ["q", [2]], ["q", [3]], ["q", [4]], ["q", [5]], ["q", [6]], ["q", [7]], ["q", [8]], ["q", [9]], ["q", [10]], ["q", [11]], ["q", [12]], ["q", [13]], ["q", [14]], ["q", [15]], ["q", [16]]], "op": {"data": "", "signature": ["Q", "Q", "Q", "Q", "Q", "Q", "Q", "Q", "Q", "Q", "Q", "Q", "Q", "Q", "Q", "Q", "Q", "Q", "Q", "Q", "Q", "Q", "Q", "Q", "Q", "Q", "Q", "Q", "Q", "Q", "Q", "Q", "Q", "Q", "Q", "Q", "Q", "Q"], "type": "Barrier"}}, {"args": [["q", [2]], ["q", [4]]], "op": {"type": "CX"}}, {"args": [["a[q[0]]", [0]], ["a[q[0]]", [1]], ["a[q[0]]", [2]], ["a[q[10]]", [0]], ["a[q[11]]", [0]], ["a[q[12]]", [0]], ["a[q[13]]", [0]], ["a[q[14]]", [0]], ["a[q[15]]", [0]], ["a[q[16]]", [0]], ["a[q[1]]", [0]], ["a[q[2]]", [0]], ["a[q[2]]", [1]], ["a[q[2]]", [2]], ["a[q[3]]", [0]], ["a[q[4]]", [0]], ["a[q[5]]", [0]], ["a[q[6]]", [0]], ["a[q[7]]", [0]], ["a[q[8]]", [0]], ["a[q[9]]", [0]], ["q", [0]], ["q", [1]], ["q", [2]], ["q", [3]], ["q", [4]], ["q", [5]], ["q", [6]], ["q", [7]], ["q", [8]], ["q", [9]], ["q", [10]], ["q", [11]], ["q", [12]], ["q", [13]], ["q", [14]], ["q", [15]], ["q", [16]]], "op": {"data": "", "signature": ["Q", "Q", "Q", "Q", "Q", "Q", "Q", "Q", "Q", "Q", "Q", "Q", "Q", "Q", "Q", "Q", "Q", "Q", "Q", "Q", "Q", "Q", "Q", "Q", "Q", "Q", "Q", "Q", "Q", "Q", "Q", "Q", "Q", "Q", "Q", "Q", "Q", "Q"], "type": "Barrier"}}, {"args": [["q", [2]], ["a[q[2]]", [2]]], "op": {"type": "CX"}}, {"args": [["a[q[2]]", [2]]], "op": {"type": "H"}}, {"args": [["a[q[0]]", [0]], ["a[q[0]]", [1]], ["a[q[0]]", [2]], ["a[q[10]]", [0]], ["a[q[11]]", [0]], ["a[q[12]]", [0]], ["a[q[13]]", [0]], ["a[q[14]]", [0]], ["a[q[15]]", [0]], ["a[q[16]]", [0]], ["a[q[1]]", [0]], ["a[q[2]]", [0]], ["a[q[2]]", [1]], ["a[q[2]]", [2]], ["a[q[3]]", [0]], ["a[q[4]]", [0]], ["a[q[5]]", [0]], ["a[q[6]]", [0]], ["a[q[7]]", [0]], ["a[q[8]]", [0]], ["a[q[9]]", [0]], ["q", [0]], ["q", [1]], ["q", [2]], ["q", [3]], ["q", [4]], ["q", [5]], ["q", [6]], ["q", [7]], ["q", [8]], ["q", [9]], ["q", [10]], ["q", [11]], ["q", [12]], ["q", [13]], ["q", [14]], ["q", [15]], ["q", [16]]], "op": {"data": "", "signature": ["Q", "Q", "Q", "Q", "Q", "Q", "Q", "Q", "Q", "Q", "Q", "Q", "Q", "Q", "Q", "Q", "Q", "Q", "Q", "Q", "Q", "Q", "Q", "Q", "Q", "Q", "Q", "Q", "Q", "Q", "Q", "Q", "Q", "Q", "Q", "Q", "Q", "Q"], "type": "Barrier"}}, {"args": [["a[q[2]]", [1]], ["q", [9]]], "op": {"type": "CX"}}, {"args": [["a[q[0]]", [0]], ["a[q[0]]", [1]], ["a[q[0]]", [2]], ["a[q[10]]", [0]], ["a[q[11]]", [0]], ["a[q[12]]", [0]], ["a[q[13]]", [0]], ["a[q[14]]", [0]], ["a[q[15]]", [0]], ["a[q[16]]", [0]], ["a[q[1]]", [0]], ["a[q[2]]", [0]], ["a[q[2]]", [1]], ["a[q[2]]", [2]], ["a[q[3]]", [0]], ["a[q[4]]", [0]], ["a[q[5]]", [0]], ["a[q[6]]", [0]], ["a[q[7]]", [0]], ["a[q[8]]", [0]], ["a[q[9]]", [0]], ["q", [0]], ["q", [1]], ["q", [2]], ["q", [3]], ["q", [4]], ["q", [5]], ["q", [6]], ["q", [7]], ["q", [8]], ["q", [9]], ["q", [10]], ["q", [11]], ["q", [12]], ["q", [13]], ["q", [14]], ["q", [15]], ["q", [16]]], "op": {"data": "", "signature": ["Q", "Q", "Q", "Q", "Q", "Q", "Q", "Q", "Q", "Q", "Q", "Q", "Q", "Q", "Q", "Q", "Q", "Q", "Q", "Q", "Q", "Q", "Q", "Q", "Q", "Q", "Q", "Q", "Q", "Q", "Q", "Q", "Q", "Q", "Q", "Q", "Q", "Q"], "type": "Barrier"}}, {"args": [["a[q[2]]", [1]], ["q", [7]]], "op": {"type": "CX"}}, {"args": [["a[q[0]]", [0]], ["a[q[0]]", [1]], ["a[q[0]]", [2]], ["a[q[10]]", [0]], ["a[q[11]]", [0]], ["a[q[12]]", [0]], ["a[q[13]]", [0]], ["a[q[14]]", [0]], ["a[q[15]]", [0]], ["a[q[16]]", [0]], ["a[q[1]]", [0]], ["a[q[2]]", [0]], ["a[q[2]]", [1]], ["a[q[2]]", [2]], ["a[q[3]]", [0]], ["a[q[4]]", [0]], ["a[q[5]]", [0]], ["a[q[6]]", [0]], ["a[q[7]]", [0]], ["a[q[8]]", [0]], ["a[q[9]]", [0]], ["q", [0]], ["q", [1]], ["q", [2]], ["q", [3]], ["q", [4]], ["q", [5]], ["q", [6]], ["q", [7]], ["q", [8]], ["q", [9]], ["q", [10]], ["q", [11]], ["q", [12]], ["q", [13]], ["q", [14]], ["q", [15]], ["q", [16]]], "op": {"data": "", "signature": ["Q", "Q", "Q", "Q", "Q", "Q", "Q", "Q", "Q", "Q", "Q", "Q", "Q", "Q", "Q", "Q", "Q", "Q", "Q", "Q", "Q", "Q", "Q", "Q", "Q", "Q", "Q", "Q", "Q", "Q", "Q", "Q", "Q", "Q", "Q", "Q", "Q", "Q"], "type": "Barrier"}}, {"args": [["q", [2]], ["q", [15]]], "op": {"type": "CX"}}, {"args": [["a[q[0]]", [0]], ["a[q[0]]", [1]], ["a[q[0]]", [2]], ["a[q[10]]", [0]], ["a[q[11]]", [0]], ["a[q[12]]", [0]], ["a[q[13]]", [0]], ["a[q[14]]", [0]], ["a[q[15]]", [0]], ["a[q[16]]", [0]], ["a[q[1]]", [0]], ["a[q[2]]", [0]], ["a[q[2]]", [1]], ["a[q[2]]", [2]], ["a[q[3]]", [0]], ["a[q[4]]", [0]], ["a[q[5]]", [0]], ["a[q[6]]", [0]], ["a[q[7]]", [0]], ["a[q[8]]", [0]], ["a[q[9]]", [0]], ["q", [0]], ["q", [1]], ["q", [2]], ["q", [3]], ["q", [4]], ["q", [5]], ["q", [6]], ["q", [7]], ["q", [8]], ["q", [9]], ["q", [10]], ["q", [11]], ["q", [12]], ["q", [13]], ["q", [14]], ["q", [15]], ["q", [16]]], "op": {"data": "", "signature": ["Q", "Q", "Q", "Q", "Q", "Q", "Q", "Q", "Q", "Q", "Q", "Q", "Q", "Q", "Q", "Q", "Q", "Q", "Q", "Q", "Q", "Q", "Q", "Q", "Q", "Q", "Q", "Q", "Q", "Q", "Q", "Q", "Q", "Q", "Q", "Q", "Q", "Q"], "type": "Barrier"}}, {"args": [["q", [2]], ["q", [13]]], "op": {"type": "CX"}}, {"args": [["a[q[0]]", [0]], ["a[q[0]]", [1]], ["a[q[0]]", [2]], ["a[q[10]]", [0]], ["a[q[11]]", [0]], ["a[q[12]]", [0]], ["a[q[13]]", [0]], ["a[q[14]]", [0]], ["a[q[15]]", [0]], ["a[q[16]]", [0]], ["a[q[1]]", [0]], ["a[q[2]]", [0]], ["a[q[2]]", [1]], ["a[q[2]]", [2]], ["a[q[3]]", [0]], ["a[q[4]]", [0]], ["a[q[5]]", [0]], ["a[q[6]]", [0]], ["a[q[7]]", [0]], ["a[q[8]]", [0]], ["a[q[9]]", [0]], ["q", [0]], ["q", [1]], ["q", [2]], ["q", [3]], ["q", [4]], ["q", [5]], ["q", [6]], ["q", [7]], ["q", [8]], ["q", [9]], ["q", [10]], ["q", [11]], ["q", [12]], ["q", [13]], ["q", [14]], ["q", [15]], ["q", [16]]], "op": {"data": "", "signature": ["Q", "Q", "Q", "Q", "Q", "Q", "Q", "Q", "Q", "Q", "Q", "Q", "Q", "Q", "Q", "Q", "Q", "Q", "Q", "Q", "Q", "Q", "Q", "Q", "Q", "Q", "Q", "Q", "Q", "Q", "Q", "Q", "Q", "Q", "Q", "Q", "Q", "Q"], "type": "Barrier"}}, {"args": [["q", [2]], ["a[q[2]]", [1]]], "op": {"type": "CX"}}, {"args": [["a[q[2]]", [1]]], "op": {"type": "H"}}, {"args": [["a[q[0]]", [0]], ["a[q[0]]", [1]], ["a[q[0]]", [2]], ["a[q[10]]", [0]], ["a[q[11]]", [0]], ["a[q[12]]", [0]], ["a[q[13]]", [0]], ["a[q[14]]", [0]], ["a[q[15]]", [0]], ["a[q[16]]", [0]], ["a[q[1]]", [0]], ["a[q[2]]", [0]], ["a[q[2]]", [1]], ["a[q[2]]", [2]], ["a[q[3]]", [0]], ["a[q[4]]", [0]], ["a[q[5]]", [0]], ["a[q[6]]", [0]], ["a[q[7]]", [0]], ["a[q[8]]", [0]], ["a[q[9]]", [0]], ["q", [0]], ["q", [1]], ["q", [2]], ["q", [3]], ["q", [4]], ["q", [5]], ["q", [6]], ["q", [7]], ["q", [8]], ["q", [9]], ["q", [10]], ["q", [11]], ["q", [12]], ["q", [13]], ["q", [14]], ["q", [15]], ["q", [16]]], "op": {"data": "", "signature": ["Q", "Q", "Q", "Q", "Q", "Q", "Q", "Q", "Q", "Q", "Q", "Q", "Q", "Q", "Q", "Q", "Q", "Q", "Q", "Q", "Q", "Q", "Q", "Q", "Q", "Q", "Q", "Q", "Q", "Q", "Q", "Q", "Q", "Q", "Q", "Q", "Q", "Q"], "type": "Barrier"}}, {"args": [["q", [2]], ["q", [3]]], "op": {"type": "CX"}}, {"args": [["a[q[0]]", [0]], ["a[q[0]]", [1]], ["a[q[0]]", [2]], ["a[q[10]]", [0]], ["a[q[11]]", [0]], ["a[q[12]]", [0]], ["a[q[13]]", [0]], ["a[q[14]]", [0]], ["a[q[15]]", [0]], ["a[q[16]]", [0]], ["a[q[1]]", [0]], ["a[q[2]]", [0]], ["a[q[2]]", [1]], ["a[q[2]]", [2]], ["a[q[3]]", [0]], ["a[q[4]]", [0]], ["a[q[5]]", [0]], ["a[q[6]]", [0]], ["a[q[7]]", [0]], ["a[q[8]]", [0]], ["a[q[9]]", [0]], ["q", [0]], ["q", [1]], ["q", [2]], ["q", [3]], ["q", [4]], ["q", [5]], ["q", [6]], ["q", [7]], ["q", [8]], ["q", [9]], ["q", [10]], ["q", [11]], ["q", [12]], ["q", [13]], ["q", [14]], ["q", [15]], ["q", [16]]], "op": {"data": "", "signature": ["Q", "Q", "Q", "Q", "Q", "Q", "Q", "Q", "Q", "Q", "Q", "Q", "Q", "Q", "Q", "Q", "Q", "Q", "Q", "Q", "Q", "Q", "Q", "Q", "Q", "Q", "Q", "Q", "Q", "Q", "Q", "Q", "Q", "Q", "Q", "Q", "Q", "Q"], "type": "Barrier"}}, {"args": [["q", [2]], ["a[q[2]]", [0]]], "op": {"type": "CX"}}, {"args": [["a[q[2]]", [0]]], "op": {"type": "H"}}, {"args": [["a[q[0]]", [0]], ["a[q[0]]", [1]], ["a[q[0]]", [2]], ["a[q[10]]", [0]], ["a[q[11]]", [0]], ["a[q[12]]", [0]], ["a[q[13]]", [0]], ["a[q[14]]", [0]], ["a[q[15]]", [0]], ["a[q[16]]", [0]], ["a[q[1]]", [0]], ["a[q[2]]", [0]], ["a[q[2]]", [1]], ["a[q[2]]", [2]], ["a[q[3]]", [0]], ["a[q[4]]", [0]], ["a[q[5]]", [0]], ["a[q[6]]", [0]], ["a[q[7]]", [0]], ["a[q[8]]", [0]], ["a[q[9]]", [0]], ["q", [0]], ["q", [1]], ["q", [2]], ["q", [3]], ["q", [4]], ["q", [5]], ["q", [6]], ["q", [7]], ["q", [8]], ["q", [9]], ["q", [10]], ["q", [11]], ["q", [12]], ["q", [13]], ["q", [14]], ["q", [15]], ["q", [16]]], "op": {"data": "", "signature": ["Q", "Q", "Q", "Q", "Q", "Q", "Q", "Q", "Q", "Q", "Q", "Q", "Q", "Q", "Q", "Q", "Q", "Q", "Q", "Q", "Q", "Q", "Q", "Q", "Q", "Q", "Q", "Q", "Q", "Q", "Q", "Q", "Q", "Q", "Q", "Q", "Q", "Q"], "type": "Barrier"}}, {"args": [["q", [14]], ["a[q[14]]", [0]]], "op": {"type": "CX"}}, {"args": [["a[q[0]]", [0]], ["a[q[0]]", [1]], ["a[q[0]]", [2]], ["a[q[10]]", [0]], ["a[q[11]]", [0]], ["a[q[12]]", [0]], ["a[q[13]]", [0]], ["a[q[14]]", [0]], ["a[q[15]]", [0]], ["a[q[16]]", [0]], ["a[q[1]]", [0]], ["a[q[2]]", [0]], ["a[q[2]]", [1]], ["a[q[2]]", [2]], ["a[q[3]]", [0]], ["a[q[4]]", [0]], ["a[q[5]]", [0]], ["a[q[6]]", [0]], ["a[q[7]]", [0]], ["a[q[8]]", [0]], ["a[q[9]]", [0]], ["q", [0]], ["q", [1]], ["q", [2]], ["q", [3]], ["q", [4]], ["q", [5]], ["q", [6]], ["q", [7]], ["q", [8]], ["q", [9]], ["q", [10]], ["q", [11]], ["q", [12]], ["q", [13]], ["q", [14]], ["q", [15]], ["q", [16]]], "op": {"data": "", "signature": ["Q", "Q", "Q", "Q", "Q", "Q", "Q", "Q", "Q", "Q", "Q", "Q", "Q", "Q", "Q", "Q", "Q", "Q", "Q", "Q", "Q", "Q", "Q", "Q", "Q", "Q", "Q", "Q", "Q", "Q", "Q", "Q", "Q", "Q", "Q", "Q", "Q", "Q"], "type": "Barrier"}}, {"args": [["q", [6]], ["a[q[6]]", [0]]], "op": {"type": "CX"}}, {"args": [["a[q[0]]", [0]], ["a[q[0]]", [1]], ["a[q[0]]", [2]], ["a[q[10]]", [0]], ["a[q[11]]", [0]], ["a[q[12]]", [0]], ["a[q[13]]", [0]], ["a[q[14]]", [0]], ["a[q[15]]", [0]], ["a[q[16]]", [0]], ["a[q[1]]", [0]], ["a[q[2]]", [0]], ["a[q[2]]", [1]], ["a[q[2]]", [2]], ["a[q[3]]", [0]], ["a[q[4]]", [0]], ["a[q[5]]", [0]], ["a[q[6]]", [0]], ["a[q[7]]", [0]], ["a[q[8]]", [0]], ["a[q[9]]", [0]], ["q", [0]], ["q", [1]], ["q", [2]], ["q", [3]], ["q", [4]], ["q", [5]], ["q", [6]], ["q", [7]], ["q", [8]], ["q", [9]], ["q", [10]], ["q", [11]], ["q", [12]], ["q", [13]], ["q", [14]], ["q", [15]], ["q", [16]]], "op": {"data": "", "signature": ["Q", "Q", "Q", "Q", "Q", "Q", "Q", "Q", "Q", "Q", "Q", "Q", "Q", "Q", "Q", "Q", "Q", "Q", "Q", "Q", "Q", "Q", "Q", "Q", "Q", "Q", "Q", "Q", "Q", "Q", "Q", "Q", "Q", "Q", "Q", "Q", "Q", "Q"], "type": "Barrier"}}, {"args": [["q", [14]], ["q", [4]]], "op": {"type": "CX"}}, {"args": [["a[q[0]]", [0]], ["a[q[0]]", [1]], ["a[q[0]]", [2]], ["a[q[10]]", [0]], ["a[q[11]]", [0]], ["a[q[12]]", [0]], ["a[q[13]]", [0]], ["a[q[14]]", [0]], ["a[q[15]]", [0]], ["a[q[16]]", [0]], ["a[q[1]]", [0]], ["a[q[2]]", [0]], ["a[q[2]]", [1]], ["a[q[2]]", [2]], ["a[q[3]]", [0]], ["a[q[4]]", [0]], ["a[q[5]]", [0]], ["a[q[6]]", [0]], ["a[q[7]]", [0]], ["a[q[8]]", [0]], ["a[q[9]]", [0]], ["q", [0]], ["q", [1]], ["q", [2]], ["q", [3]], ["q", [4]], ["q", [5]], ["q", [6]], ["q", [7]], ["q", [8]], ["q", [9]], ["q", [10]], ["q", [11]], ["q", [12]], ["q", [13]], ["q", [14]], ["q", [15]], ["q", [16]]], "op": {"data": "", "signature": ["Q", "Q", "Q", "Q", "Q", "Q", "Q", "Q", "Q", "Q", "Q", "Q", "Q", "Q", "Q", "Q", "Q", "Q", "Q", "Q", "Q", "Q", "Q", "Q", "Q", "Q", "Q", "Q", "Q", "Q", "Q", "Q", "Q", "Q", "Q", "Q", "Q", "Q"], "type": "Barrier"}}, {"args": [["q", [6]], ["q", [10]]], "op": {"type": "CX"}}, {"args": [["a[q[0]]", [0]], ["a[q[0]]", [1]], ["a[q[0]]", [2]], ["a[q[10]]", [0]], ["a[q[11]]", [0]], ["a[q[12]]", [0]], ["a[q[13]]", [0]], ["a[q[14]]", [0]], ["a[q[15]]", [0]], ["a[q[16]]", [0]], ["a[q[1]]", [0]], ["a[q[2]]", [0]], ["a[q[2]]", [1]], ["a[q[2]]", [2]], ["a[q[3]]", [0]], ["a[q[4]]", [0]], ["a[q[5]]", [0]], ["a[q[6]]", [0]], ["a[q[7]]", [0]], ["a[q[8]]", [0]], ["a[q[9]]", [0]], ["q", [0]], ["q", [1]], ["q", [2]], ["q", [3]], ["q", [4]], ["q", [5]], ["q", [6]], ["q", [7]], ["q", [8]], ["q", [9]], ["q", [10]], ["q", [11]], ["q", [12]], ["q", [13]], ["q", [14]], ["q", [15]], ["q", [16]]], "op": {"data": "", "signature": ["Q", "Q", "Q", "Q", "Q", "Q", "Q", "Q", "Q", "Q", "Q", "Q", "Q", "Q", "Q", "Q", "Q", "Q", "Q", "Q", "Q", "Q", "Q", "Q", "Q", "Q", "Q", "Q", "Q", "Q", "Q", "Q", "Q", "Q", "Q", "Q", "Q", "Q"], "type": "Barrier"}}, {"args": [["a[q[5]]", [0]], ["q", [5]]], "op": {"type": "CX"}}, {"args": [["a[q[0]]", [0]], ["a[q[0]]", [1]], ["a[q[0]]", [2]], ["a[q[10]]", [0]], ["a[q[11]]", [0]], ["a[q[12]]", [0]], ["a[q[13]]", [0]], ["a[q[14]]", [0]], ["a[q[15]]", [0]], ["a[q[16]]", [0]], ["a[q[1]]", [0]], ["a[q[2]]", [0]], ["a[q[2]]", [1]], ["a[q[2]]", [2]], ["a[q[3]]", [0]], ["a[q[4]]", [0]], ["a[q[5]]", [0]], ["a[q[6]]", [0]], ["a[q[7]]", [0]], ["a[q[8]]", [0]], ["a[q[9]]", [0]], ["q", [0]], ["q", [1]], ["q", [2]], ["q", [3]], ["q", [4]], ["q", [5]], ["q", [6]], ["q", [7]], ["q", [8]], ["q", [9]], ["q", [10]], ["q", [11]], ["q", [12]], ["q", [13]], ["q", [14]], ["q", [15]], ["q", [16]]], "op": {"data": "", "signature": ["Q", "Q", "Q", "Q", "Q", "Q", "Q", "Q", "Q", "Q", "Q", "Q", "Q", "Q", "Q", "Q", "Q", "Q", "Q", "Q", "Q", "Q", "Q", "Q", "Q", "Q", "Q", "Q", "Q", "Q", "Q", "Q", "Q", "Q", "Q", "Q", "Q", "Q"], "type": "Barrier"}}, {"args": [["q", [14]], ["q", [5]]], "op": {"type": "CX"}}, {"args": [["a[q[0]]", [0]], ["a[q[0]]", [1]], ["a[q[0]]", [2]], ["a[q[10]]", [0]], ["a[q[11]]", [0]], ["a[q[12]]", [0]], ["a[q[13]]", [0]], ["a[q[14]]", [0]], ["a[q[15]]", [0]], ["a[q[16]]", [0]], ["a[q[1]]", [0]], ["a[q[2]]", [0]], ["a[q[2]]", [1]], ["a[q[2]]", [2]], ["a[q[3]]", [0]], ["a[q[4]]", [0]], ["a[q[5]]", [0]], ["a[q[6]]", [0]], ["a[q[7]]", [0]], ["a[q[8]]", [0]], ["a[q[9]]", [0]], ["q", [0]], ["q", [1]], ["q", [2]], ["q", [3]], ["q", [4]], ["q", [5]], ["q", [6]], ["q", [7]], ["q", [8]], ["q", [9]], ["q", [10]], ["q", [11]], ["q", [12]], ["q", [13]], ["q", [14]], ["q", [15]], ["q", [16]]], "op": {"data": "", "signature": ["Q", "Q", "Q", "Q", "Q", "Q", "Q", "Q", "Q", "Q", "Q", "Q", "Q", "Q", "Q", "Q", "Q", "Q", "Q", "Q", "Q", "Q", "Q", "Q", "Q", "Q", "Q", "Q", "Q", "Q", "Q", "Q", "Q", "Q", "Q", "Q", "Q", "Q"], "type": "Barrier"}}, {"args": [["q", [6]], ["q", [7]]], "op": {"type": "CX"}}, {"args": [["a[q[0]]", [0]], ["a[q[0]]", [1]], ["a[q[0]]", [2]], ["a[q[10]]", [0]], ["a[q[11]]", [0]], ["a[q[12]]", [0]], ["a[q[13]]", [0]], ["a[q[14]]", [0]], ["a[q[15]]", [0]], ["a[q[16]]", [0]], ["a[q[1]]", [0]], ["a[q[2]]", [0]], ["a[q[2]]", [1]], ["a[q[2]]", [2]], ["a[q[3]]", [0]], ["a[q[4]]", [0]], ["a[q[5]]", [0]], ["a[q[6]]", [0]], ["a[q[7]]", [0]], ["a[q[8]]", [0]], ["a[q[9]]", [0]], ["q", [0]], ["q", [1]], ["q", [2]], ["q", [3]], ["q", [4]], ["q", [5]], ["q", [6]], ["q", [7]], ["q", [8]], ["q", [9]], ["q", [10]], ["q", [11]], ["q", [12]], ["q", [13]], ["q", [14]], ["q", [15]], ["q", [16]]], "op": {"data": "", "signature": ["Q", "Q", "Q", "Q", "Q", "Q", "Q", "Q", "Q", "Q", "Q", "Q", "Q", "Q", "Q", "Q", "Q", "Q", "Q", "Q", "Q", "Q", "Q", "Q", "Q", "Q", "Q", "Q", "Q", "Q", "Q", "Q", "Q", "Q", "Q", "Q", "Q", "Q"], "type": "Barrier"}}, {"args": [["a[q[7]]", [0]], ["q", [7]]], "op": {"type": "CX"}}, {"args": [["a[q[7]]", [0]]], "op": {"type": "H"}}, {"args": [["a[q[0]]", [0]], ["a[q[0]]", [1]], ["a[q[0]]", [2]], ["a[q[10]]", [0]], ["a[q[11]]", [0]], ["a[q[12]]", [0]], ["a[q[13]]", [0]], ["a[q[14]]", [0]], ["a[q[15]]", [0]], ["a[q[16]]", [0]], ["a[q[1]]", [0]], ["a[q[2]]", [0]], ["a[q[2]]", [1]], ["a[q[2]]", [2]], ["a[q[3]]", [0]], ["a[q[4]]", [0]], ["a[q[5]]", [0]], ["a[q[6]]", [0]], ["a[q[7]]", [0]], ["a[q[8]]", [0]], ["a[q[9]]", [0]], ["q", [0]], ["q", [1]], ["q", [2]], ["q", [3]], ["q", [4]], ["q", [5]], ["q", [6]], ["q", [7]], ["q", [8]], ["q", [9]], ["q", [10]], ["q", [11]], ["q", [12]], ["q", [13]], ["q", [14]], ["q", [15]], ["q", [16]]], "op": {"data": "", "signature": ["Q", "Q", "Q", "Q", "Q", "Q", "Q", "Q", "Q", "Q", "Q", "Q", "Q", "Q", "Q", "Q", "Q", "Q", "Q", "Q", "Q", "Q", "Q", "Q", "Q", "Q", "Q", "Q", "Q", "Q", "Q", "Q", "Q", "Q", "Q", "Q", "Q", "Q"], "type": "Barrier"}}, {"args": [["q", [6]], ["q", [11]]], "op": {"type": "CX"}}, {"args": [["a[q[0]]", [0]], ["a[q[0]]", [1]], ["a[q[0]]", [2]], ["a[q[10]]", [0]], ["a[q[11]]", [0]], ["a[q[12]]", [0]], ["a[q[13]]", [0]], ["a[q[14]]", [0]], ["a[q[15]]", [0]], ["a[q[16]]", [0]], ["a[q[1]]", [0]], ["a[q[2]]", [0]], ["a[q[2]]", [1]], ["a[q[2]]", [2]], ["a[q[3]]", [0]], ["a[q[4]]", [0]], ["a[q[5]]", [0]], ["a[q[6]]", [0]], ["a[q[7]]", [0]], ["a[q[8]]", [0]], ["a[q[9]]", [0]], ["q", [0]], ["q", [1]], ["q", [2]], ["q", [3]], ["q", [4]], ["q", [5]], ["q", [6]], ["q", [7]], ["q", [8]], ["q", [9]], ["q", [10]], ["q", [11]], ["q", [12]], ["q", [13]], ["q", [14]], ["q", [15]], ["q", [16]]], "op": {"data": "", "signature": ["Q", "Q", "Q", "Q", "Q", "Q", "Q", "Q", "Q", "Q", "Q", "Q", "Q", "Q", "Q", "Q", "Q", "Q", "Q", "Q", "Q", "Q", "Q", "Q", "Q", "Q", "Q", "Q", "Q", "Q", "Q", "Q", "Q", "Q", "Q", "Q", "Q", "Q"], "type": "Barrier"}}, {"args": [["q", [14]], ["q", [13]]], "op": {"type": "CX"}}, {"args": [["a[q[0]]", [0]], ["a[q[0]]", [1]], ["a[q[0]]", [2]], ["a[q[10]]", [0]], ["a[q[11]]", [0]], ["a[q[12]]", [0]], ["a[q[13]]", [0]], ["a[q[14]]", [0]], ["a[q[15]]", [0]], ["a[q[16]]", [0]], ["a[q[1]]", [0]], ["a[q[2]]", [0]], ["a[q[2]]", [1]], ["a[q[2]]", [2]], ["a[q[3]]", [0]], ["a[q[4]]", [0]], ["a[q[5]]", [0]], ["a[q[6]]", [0]], ["a[q[7]]", [0]], ["a[q[8]]", [0]], ["a[q[9]]", [0]], ["q", [0]], ["q", [1]], ["q", [2]], ["q", [3]], ["q", [4]], ["q", [5]], ["q", [6]], ["q", [7]], ["q", [8]], ["q", [9]], ["q", [10]], ["q", [11]], ["q", [12]], ["q", [13]], ["q", [14]], ["q", [15]], ["q", [16]]], "op": {"data": "", "signature": ["Q", "Q", "Q", "Q", "Q", "Q", "Q", "Q", "Q", "Q", "Q", "Q", "Q", "Q", "Q", "Q", "Q", "Q", "Q", "Q", "Q", "Q", "Q", "Q", "Q", "Q", "Q", "Q", "Q", "Q", "Q", "Q", "Q", "Q", "Q", "Q", "Q", "Q"], "type": "Barrier"}}, {"args": [["q", [14]], ["a[q[14]]", [0]]], "op": {"type": "CX"}}, {"args": [["a[q[14]]", [0]]], "op": {"type": "H"}}, {"args": [["a[q[0]]", [0]], ["a[q[0]]", [1]], ["a[q[0]]", [2]], ["a[q[10]]", [0]], ["a[q[11]]", [0]], ["a[q[12]]", [0]], ["a[q[13]]", [0]], ["a[q[14]]", [0]], ["a[q[15]]", [0]], ["a[q[16]]", [0]], ["a[q[1]]", [0]], ["a[q[2]]", [0]], ["a[q[2]]", [1]], ["a[q[2]]", [2]], ["a[q[3]]", [0]], ["a[q[4]]", [0]], ["a[q[5]]", [0]], ["a[q[6]]", [0]], ["a[q[7]]", [0]], ["a[q[8]]", [0]], ["a[q[9]]", [0]], ["q", [0]], ["q", [1]], ["q", [2]], ["q", [3]], ["q", [4]], ["q", [5]], ["q", [6]], ["q", [7]], ["q", [8]], ["q", [9]], ["q", [10]], ["q", [11]], ["q", [12]], ["q", [13]], ["q", [14]], ["q", [15]], ["q", [16]]], "op": {"data": "", "signature": ["Q", "Q", "Q", "Q", "Q", "Q", "Q", "Q", "Q", "Q", "Q", "Q", "Q", "Q", "Q", "Q", "Q", "Q", "Q", "Q", "Q", "Q", "Q", "Q", "Q", "Q", "Q", "Q", "Q", "Q", "Q", "Q", "Q", "Q", "Q", "Q", "Q", "Q"], "type": "Barrier"}}, {"args": [["q", [6]], ["a[q[6]]", [0]]], "op": {"type": "CX"}}, {"args": [["a[q[6]]", [0]]], "op": {"type": "H"}}, {"args": [["a[q[0]]", [0]], ["a[q[0]]", [1]], ["a[q[0]]", [2]], ["a[q[10]]", [0]], ["a[q[11]]", [0]], ["a[q[12]]", [0]], ["a[q[13]]", [0]], ["a[q[14]]", [0]], ["a[q[15]]", [0]], ["a[q[16]]", [0]], ["a[q[1]]", [0]], ["a[q[2]]", [0]], ["a[q[2]]", [1]], ["a[q[2]]", [2]], ["a[q[3]]", [0]], ["a[q[4]]", [0]], ["a[q[5]]", [0]], ["a[q[6]]", [0]], ["a[q[7]]", [0]], ["a[q[8]]", [0]], ["a[q[9]]", [0]], ["q", [0]], ["q", [1]], ["q", [2]], ["q", [3]], ["q", [4]], ["q", [5]], ["q", [6]], ["q", [7]], ["q", [8]], ["q", [9]], ["q", [10]], ["q", [11]], ["q", [12]], ["q", [13]], ["q", [14]], ["q", [15]], ["q", [16]]], "op": {"data": "", "signature": ["Q", "Q", "Q", "Q", "Q", "Q", "Q", "Q", "Q", "Q", "Q", "Q", "Q", "Q", "Q", "Q", "Q", "Q", "Q", "Q", "Q", "Q", "Q", "Q", "Q", "Q", "Q", "Q", "Q", "Q", "Q", "Q", "Q", "Q", "Q", "Q", "Q", "Q"], "type": "Barrier"}}, {"args": [["q", [16]], ["a[q[16]]", [0]]], "op": {"type": "CX"}}, {"args": [["a[q[0]]", [0]], ["a[q[0]]", [1]], ["a[q[0]]", [2]], ["a[q[10]]", [0]], ["a[q[11]]", [0]], ["a[q[12]]", [0]], ["a[q[13]]", [0]], ["a[q[14]]", [0]], ["a[q[15]]", [0]], ["a[q[16]]", [0]], ["a[q[1]]", [0]], ["a[q[2]]", [0]], ["a[q[2]]", [1]], ["a[q[2]]", [2]], ["a[q[3]]", [0]], ["a[q[4]]", [0]], ["a[q[5]]", [0]], ["a[q[6]]", [0]], ["a[q[7]]", [0]], ["a[q[8]]", [0]], ["a[q[9]]", [0]], ["q", [0]], ["q", [1]], ["q", [2]], ["q", [3]], ["q", [4]], ["q", [5]], ["q", [6]], ["q", [7]], ["q", [8]], ["q", [9]], ["q", [10]], ["q", [11]], ["q", [12]], ["q", [13]], ["q", [14]], ["q", [15]], ["q", [16]]], "op": {"data": "", "signature": ["Q", "Q", "Q", "Q", "Q", "Q", "Q", "Q", "Q", "Q", "Q", "Q", "Q", "Q", "Q", "Q", "Q", "Q", "Q", "Q", "Q", "Q", "Q", "Q", "Q", "Q", "Q", "Q", "Q", "Q", "Q", "Q", "Q", "Q", "Q", "Q", "Q", "Q"], "type": "Barrier"}}, {"args": [["q", [8]], ["a[q[8]]", [0]]], "op": {"type": "CX"}}, {"args": [["a[q[0]]", [0]], ["a[q[0]]", [1]], ["a[q[0]]", [2]], ["a[q[10]]", [0]], ["a[q[11]]", [0]], ["a[q[12]]", [0]], ["a[q[13]]", [0]], ["a[q[14]]", [0]], ["a[q[15]]", [0]], ["a[q[16]]", [0]], ["a[q[1]]", [0]], ["a[q[2]]", [0]], ["a[q[2]]", [1]], ["a[q[2]]", [2]], ["a[q[3]]", [0]], ["a[q[4]]", [0]], ["a[q[5]]", [0]], ["a[q[6]]", [0]], ["a[q[7]]", [0]], ["a[q[8]]", [0]], ["a[q[9]]", [0]], ["q", [0]], ["q", [1]], ["q", [2]], ["q", [3]], ["q", [4]], ["q", [5]], ["q", [6]], ["q", [7]], ["q", [8]], ["q", [9]], ["q", [10]], ["q", [11]], ["q", [12]], ["q", [13]], ["q", [14]], ["q", [15]], ["q", [16]]], "op": {"data": "", "signature": ["Q", "Q", "Q", "Q", "Q", "Q", "Q", "Q", "Q", "Q", "Q", "Q", "Q", "Q", "Q", "Q", "Q", "Q", "Q", "Q", "Q", "Q", "Q", "Q", "Q", "Q", "Q", "Q", "Q", "Q", "Q", "Q", "Q", "Q", "Q", "Q", "Q", "Q"], "type": "Barrier"}}, {"args": [["q", [8]], ["q", [9]]], "op": {"type": "CX"}}, {"args": [["a[q[0]]", [0]], ["a[q[0]]", [1]], ["a[q[0]]", [2]], ["a[q[10]]", [0]], ["a[q[11]]", [0]], ["a[q[12]]", [0]], ["a[q[13]]", [0]], ["a[q[14]]", [0]], ["a[q[15]]", [0]], ["a[q[16]]", [0]], ["a[q[1]]", [0]], ["a[q[2]]", [0]], ["a[q[2]]", [1]], ["a[q[2]]", [2]], ["a[q[3]]", [0]], ["a[q[4]]", [0]], ["a[q[5]]", [0]], ["a[q[6]]", [0]], ["a[q[7]]", [0]], ["a[q[8]]", [0]], ["a[q[9]]", [0]], ["q", [0]], ["q", [1]], ["q", [2]], ["q", [3]], ["q", [4]], ["q", [5]], ["q", [6]], ["q", [7]], ["q", [8]], ["q", [9]], ["q", [10]], ["q", [11]], ["q", [12]], ["q", [13]], ["q", [14]], ["q", [15]], ["q", [16]]], "op": {"data": "", "signature": ["Q", "Q", "Q", "Q", "Q", "Q", "Q", "Q", "Q", "Q", "Q", "Q", "Q", "Q", "Q", "Q", "Q", "Q", "Q", "Q", "Q", "Q", "Q", "Q", "Q", "Q", "Q", "Q", "Q", "Q", "Q", "Q", "Q", "Q", "Q", "Q", "Q", "Q"], "type": "Barrier"}}, {"args": [["q", [16]], ["q", [15]]], "op": {"type": "CX"}}, {"args": [["a[q[0]]", [0]], ["a[q[0]]", [1]], ["a[q[0]]", [2]], ["a[q[10]]", [0]], ["a[q[11]]", [0]], ["a[q[12]]", [0]], ["a[q[13]]", [0]], ["a[q[14]]", [0]], ["a[q[15]]", [0]], ["a[q[16]]", [0]], ["a[q[1]]", [0]], ["a[q[2]]", [0]], ["a[q[2]]", [1]], ["a[q[2]]", [2]], ["a[q[3]]", [0]], ["a[q[4]]", [0]], ["a[q[5]]", [0]], ["a[q[6]]", [0]], ["a[q[7]]", [0]], ["a[q[8]]", [0]], ["a[q[9]]", [0]], ["q", [0]], ["q", [1]], ["q", [2]], ["q", [3]], ["q", [4]], ["q", [5]], ["q", [6]], ["q", [7]], ["q", [8]], ["q", [9]], ["q", [10]], ["q", [11]], ["q", [12]], ["q", [13]], ["q", [14]], ["q", [15]], ["q", [16]]], "op": {"data": "", "signature": ["Q", "Q", "Q", "Q", "Q", "Q", "Q", "Q", "Q", "Q", "Q", "Q", "Q", "Q", "Q", "Q", "Q", "Q", "Q", "Q", "Q", "Q", "Q", "Q", "Q", "Q", "Q", "Q", "Q", "Q", "Q", "Q", "Q", "Q", "Q", "Q", "Q", "Q"], "type": "Barrier"}}, {"args": [["a[q[15]]", [0]], ["q", [15]]], "op": {"type": "CX"}}, {"args": [["a[q[15]]", [0]]], "op": {"type": "H"}}, {"args": [["a[q[0]]", [0]], ["a[q[0]]", [1]], ["a[q[0]]", [2]], ["a[q[10]]", [0]], ["a[q[11]]", [0]], ["a[q[12]]", [0]], ["a[q[13]]", [0]], ["a[q[14]]", [0]], ["a[q[15]]", [0]], ["a[q[16]]", [0]], ["a[q[1]]", [0]], ["a[q[2]]", [0]], ["a[q[2]]", [1]], ["a[q[2]]", [2]], ["a[q[3]]", [0]], ["a[q[4]]", [0]], ["a[q[5]]", [0]], ["a[q[6]]", [0]], ["a[q[7]]", [0]], ["a[q[8]]", [0]], ["a[q[9]]", [0]], ["q", [0]], ["q", [1]], ["q", [2]], ["q", [3]], ["q", [4]], ["q", [5]], ["q", [6]], ["q", [7]], ["q", [8]], ["q", [9]], ["q", [10]], ["q", [11]], ["q", [12]], ["q", [13]], ["q", [14]], ["q", [15]], ["q", [16]]], "op": {"data": "", "signature": ["Q", "Q", "Q", "Q", "Q", "Q", "Q", "Q", "Q", "Q", "Q", "Q", "Q", "Q", "Q", "Q", "Q", "Q", "Q", "Q", "Q", "Q", "Q", "Q", "Q", "Q", "Q", "Q", "Q", "Q", "Q", "Q", "Q", "Q", "Q", "Q", "Q", "Q"], "type": "Barrier"}}, {"args": [["q", [8]], ["q", [4]]], "op": {"type": "CX"}}, {"args": [["a[q[0]]", [0]], ["a[q[0]]", [1]], ["a[q[0]]", [2]], ["a[q[10]]", [0]], ["a[q[11]]", [0]], ["a[q[12]]", [0]], ["a[q[13]]", [0]], ["a[q[14]]", [0]], ["a[q[15]]", [0]], ["a[q[16]]", [0]], ["a[q[1]]", [0]], ["a[q[2]]", [0]], ["a[q[2]]", [1]], ["a[q[2]]", [2]], ["a[q[3]]", [0]], ["a[q[4]]", [0]], ["a[q[5]]", [0]], ["a[q[6]]", [0]], ["a[q[7]]", [0]], ["a[q[8]]", [0]], ["a[q[9]]", [0]], ["q", [0]], ["q", [1]], ["q", [2]], ["q", [3]], ["q", [4]], ["q", [5]], ["q", [6]], ["q", [7]], ["q", [8]], ["q", [9]], ["q", [10]], ["q", [11]], ["q", [12]], ["q", [13]], ["q", [14]], ["q", [15]], ["q", [16]]], "op": {"data": "", "signature": ["Q", "Q", "Q", "Q", "Q", "Q", "Q", "Q", "Q", "Q", "Q", "Q", "Q", "Q", "Q", "Q", "Q", "Q", "Q", "Q", "Q", "Q", "Q", "Q", "Q", "Q", "Q", "Q", "Q", "Q", "Q", "Q", "Q", "Q", "Q", "Q", "Q", "Q"], "type": "Barrier"}}, {"args": [["a[q[4]]", [0]], ["q", [4]]], "op": {"type": "CX"}}, {"args": [["a[q[4]]", [0]]], "op": {"type": "H"}}, {"args": [["a[q[0]]", [0]], ["a[q[0]]", [1]], ["a[q[0]]", [2]], ["a[q[10]]", [0]], ["a[q[11]]", [0]], ["a[q[12]]", [0]], ["a[q[13]]", [0]], ["a[q[14]]", [0]], ["a[q[15]]", [0]], ["a[q[16]]", [0]], ["a[q[1]]", [0]], ["a[q[2]]", [0]], ["a[q[2]]", [1]], ["a[q[2]]", [2]], ["a[q[3]]", [0]], ["a[q[4]]", [0]], ["a[q[5]]", [0]], ["a[q[6]]", [0]], ["a[q[7]]", [0]], ["a[q[8]]", [0]], ["a[q[9]]", [0]], ["q", [0]], ["q", [1]], ["q", [2]], ["q", [3]], ["q", [4]], ["q", [5]], ["q", [6]], ["q", [7]], ["q", [8]], ["q", [9]], ["q", [10]], ["q", [11]], ["q", [12]], ["q", [13]], ["q", [14]], ["q", [15]], ["q", [16]]], "op": {"data": "", "signature": ["Q", "Q", "Q", "Q", "Q", "Q", "Q", "Q", "Q", "Q", "Q", "Q", "Q", "Q", "Q", "Q", "Q", "Q", "Q", "Q", "Q", "Q", "Q", "Q", "Q", "Q", "Q", "Q", "Q", "Q", "Q", "Q", "Q", "Q", "Q", "Q", "Q", "Q"], "type": "Barrier"}}, {"args": [["q", [16]], ["q", [10]]], "op": {"type": "CX"}}, {"args": [["a[q[0]]", [0]], ["a[q[0]]", [1]], ["a[q[0]]", [2]], ["a[q[10]]", [0]], ["a[q[11]]", [0]], ["a[q[12]]", [0]], ["a[q[13]]", [0]], ["a[q[14]]", [0]], ["a[q[15]]", [0]], ["a[q[16]]", [0]], ["a[q[1]]", [0]], ["a[q[2]]", [0]], ["a[q[2]]", [1]], ["a[q[2]]", [2]], ["a[q[3]]", [0]], ["a[q[4]]", [0]], ["a[q[5]]", [0]], ["a[q[6]]", [0]], ["a[q[7]]", [0]], ["a[q[8]]", [0]], ["a[q[9]]", [0]], ["q", [0]], ["q", [1]], ["q", [2]], ["q", [3]], ["q", [4]], ["q", [5]], ["q", [6]], ["q", [7]], ["q", [8]], ["q", [9]], ["q", [10]], ["q", [11]], ["q", [12]], ["q", [13]], ["q", [14]], ["q", [15]], ["q", [16]]], "op": {"data": "", "signature": ["Q", "Q", "Q", "Q", "Q", "Q", "Q", "Q", "Q", "Q", "Q", "Q", "Q", "Q", "Q", "Q", "Q", "Q", "Q", "Q", "Q", "Q", "Q", "Q", "Q", "Q", "Q", "Q", "Q", "Q", "Q", "Q", "Q", "Q", "Q", "Q", "Q", "Q"], "type": "Barrier"}}, {"args": [["q", [8]], ["q", [5]]], "op": {"type": "CX"}}, {"args": [["a[q[0]]", [0]], ["a[q[0]]", [1]], ["a[q[0]]", [2]], ["a[q[10]]", [0]], ["a[q[11]]", [0]], ["a[q[12]]", [0]], ["a[q[13]]", [0]], ["a[q[14]]", [0]], ["a[q[15]]", [0]], ["a[q[16]]", [0]], ["a[q[1]]", [0]], ["a[q[2]]", [0]], ["a[q[2]]", [1]], ["a[q[2]]", [2]], ["a[q[3]]", [0]], ["a[q[4]]", [0]], ["a[q[5]]", [0]], ["a[q[6]]", [0]], ["a[q[7]]", [0]], ["a[q[8]]", [0]], ["a[q[9]]", [0]], ["q", [0]], ["q", [1]], ["q", [2]], ["q", [3]], ["q", [4]], ["q", [5]], ["q", [6]], ["q", [7]], ["q", [8]], ["q", [9]], ["q", [10]], ["q", [11]], ["q", [12]], ["q", [13]], ["q", [14]], ["q", [15]], ["q", [16]]], "op": {"data": "", "signature": ["Q", "Q", "Q", "Q", "Q", "Q", "Q", "Q", "Q", "Q", "Q", "Q", "Q", "Q", "Q", "Q", "Q", "Q", "Q", "Q", "Q", "Q", "Q", "Q", "Q", "Q", "Q", "Q", "Q", "Q", "Q", "Q", "Q", "Q", "Q", "Q", "Q", "Q"], "type": "Barrier"}}, {"args": [["q", [16]], ["q", [11]]], "op": {"type": "CX"}}, {"args": [["a[q[0]]", [0]], ["a[q[0]]", [1]], ["a[q[0]]", [2]], ["a[q[10]]", [0]], ["a[q[11]]", [0]], ["a[q[12]]", [0]], ["a[q[13]]", [0]], ["a[q[14]]", [0]], ["a[q[15]]", [0]], ["a[q[16]]", [0]], ["a[q[1]]", [0]], ["a[q[2]]", [0]], ["a[q[2]]", [1]], ["a[q[2]]", [2]], ["a[q[3]]", [0]], ["a[q[4]]", [0]], ["a[q[5]]", [0]], ["a[q[6]]", [0]], ["a[q[7]]", [0]], ["a[q[8]]", [0]], ["a[q[9]]", [0]], ["q", [0]], ["q", [1]], ["q", [2]], ["q", [3]], ["q", [4]], ["q", [5]], ["q", [6]], ["q", [7]], ["q", [8]], ["q", [9]], ["q", [10]], ["q", [11]], ["q", [12]], ["q", [13]], ["q", [14]], ["q", [15]], ["q", [16]]], "op": {"data": "", "signature": ["Q", "Q", "Q", "Q", "Q", "Q", "Q", "Q", "Q", "Q", "Q", "Q", "Q", "Q", "Q", "Q", "Q", "Q", "Q", "Q", "Q", "Q", "Q", "Q", "Q", "Q", "Q", "Q", "Q", "Q", "Q", "Q", "Q", "Q", "Q", "Q", "Q", "Q"], "type": "Barrier"}}, {"args": [["q", [16]], ["a[q[16]]", [0]]], "op": {"type": "CX"}}, {"args": [["a[q[16]]", [0]]], "op": {"type": "H"}}, {"args": [["a[q[0]]", [0]], ["a[q[0]]", [1]], ["a[q[0]]", [2]], ["a[q[10]]", [0]], ["a[q[11]]", [0]], ["a[q[12]]", [0]], ["a[q[13]]", [0]], ["a[q[14]]", [0]], ["a[q[15]]", [0]], ["a[q[16]]", [0]], ["a[q[1]]", [0]], ["a[q[2]]", [0]], ["a[q[2]]", [1]], ["a[q[2]]", [2]], ["a[q[3]]", [0]], ["a[q[4]]", [0]], ["a[q[5]]", [0]], ["a[q[6]]", [0]], ["a[q[7]]", [0]], ["a[q[8]]", [0]], ["a[q[9]]", [0]], ["q", [0]], ["q", [1]], ["q", [2]], ["q", [3]], ["q", [4]], ["q", [5]], ["q", [6]], ["q", [7]], ["q", [8]], ["q", [9]], ["q", [10]], ["q", [11]], ["q", [12]], ["q", [13]], ["q", [14]], ["q", [15]], ["q", [16]]], "op": {"data": "", "signature": ["Q", "Q", "Q", "Q", "Q", "Q", "Q", "Q", "Q", "Q", "Q", "Q", "Q", "Q", "Q", "Q", "Q", "Q", "Q", "Q", "Q", "Q", "Q", "Q", "Q", "Q", "Q", "Q", "Q", "Q", "Q", "Q", "Q", "Q", "Q", "Q", "Q", "Q"], "type": "Barrier"}}, {"args": [["q", [8]], ["a[q[8]]", [0]]], "op": {"type": "CX"}}, {"args": [["a[q[8]]", [0]]], "op": {"type": "H"}}, {"args": [["a[q[0]]", [0]], ["a[q[0]]", [1]], ["a[q[0]]", [2]], ["a[q[10]]", [0]], ["a[q[11]]", [0]], ["a[q[12]]", [0]], ["a[q[13]]", [0]], ["a[q[14]]", [0]], ["a[q[15]]", [0]], ["a[q[16]]", [0]], ["a[q[1]]", [0]], ["a[q[2]]", [0]], ["a[q[2]]", [1]], ["a[q[2]]", [2]], ["a[q[3]]", [0]], ["a[q[4]]", [0]], ["a[q[5]]", [0]], ["a[q[6]]", [0]], ["a[q[7]]", [0]], ["a[q[8]]", [0]], ["a[q[9]]", [0]], ["q", [0]], ["q", [1]], ["q", [2]], ["q", [3]], ["q", [4]], ["q", [5]], ["q", [6]], ["q", [7]], ["q", [8]], ["q", [9]], ["q", [10]], ["q", [11]], ["q", [12]], ["q", [13]], ["q", [14]], ["q", [15]], ["q", [16]]], "op": {"data": "", "signature": ["Q", "Q", "Q", "Q", "Q", "Q", "Q", "Q", "Q", "Q", "Q", "Q", "Q", "Q", "Q", "Q", "Q", "Q", "Q", "Q", "Q", "Q", "Q", "Q", "Q", "Q", "Q", "Q", "Q", "Q", "Q", "Q", "Q", "Q", "Q", "Q", "Q", "Q"], "type": "Barrier"}}, {"args": [["q", [12]], ["a[q[12]]", [0]]], "op": {"type": "CX"}}, {"args": [["a[q[0]]", [0]], ["a[q[0]]", [1]], ["a[q[0]]", [2]], ["a[q[10]]", [0]], ["a[q[11]]", [0]], ["a[q[12]]", [0]], ["a[q[13]]", [0]], ["a[q[14]]", [0]], ["a[q[15]]", [0]], ["a[q[16]]", [0]], ["a[q[1]]", [0]], ["a[q[2]]", [0]], ["a[q[2]]", [1]], ["a[q[2]]", [2]], ["a[q[3]]", [0]], ["a[q[4]]", [0]], ["a[q[5]]", [0]], ["a[q[6]]", [0]], ["a[q[7]]", [0]], ["a[q[8]]", [0]], ["a[q[9]]", [0]], ["q", [0]], ["q", [1]], ["q", [2]], ["q", [3]], ["q", [4]], ["q", [5]], ["q", [6]], ["q", [7]], ["q", [8]], ["q", [9]], ["q", [10]], ["q", [11]], ["q", [12]], ["q", [13]], ["q", [14]], ["q", [15]], ["q", [16]]], "op": {"data": "", "signature": ["Q", "Q", "Q", "Q", "Q", "Q", "Q", "Q", "Q", "Q", "Q", "Q", "Q", "Q", "Q", "Q", "Q", "Q", "Q", "Q", "Q", "Q", "Q", "Q", "Q", "Q", "Q", "Q", "Q", "Q", "Q", "Q", "Q", "Q", "Q", "Q", "Q", "Q"], "type": "Barrier"}}, {"args": [["q", [1]], ["a[q[1]]", [0]]], "op": {"type": "CX"}}, {"args": [["a[q[0]]", [0]], ["a[q[0]]", [1]], ["a[q[0]]", [2]], ["a[q[10]]", [0]], ["a[q[11]]", [0]], ["a[q[12]]", [0]], ["a[q[13]]", [0]], ["a[q[14]]", [0]], ["a[q[15]]", [0]], ["a[q[16]]", [0]], ["a[q[1]]", [0]], ["a[q[2]]", [0]], ["a[q[2]]", [1]], ["a[q[2]]", [2]], ["a[q[3]]", [0]], ["a[q[4]]", [0]], ["a[q[5]]", [0]], ["a[q[6]]", [0]], ["a[q[7]]", [0]], ["a[q[8]]", [0]], ["a[q[9]]", [0]], ["q", [0]], ["q", [1]], ["q", [2]], ["q", [3]], ["q", [4]], ["q", [5]], ["q", [6]], ["q", [7]], ["q", [8]], ["q", [9]], ["q", [10]], ["q", [11]], ["q", [12]], ["q", [13]], ["q", [14]], ["q", [15]], ["q", [16]]], "op": {"data": "", "signature": ["Q", "Q", "Q", "Q", "Q", "Q", "Q", "Q", "Q", "Q", "Q", "Q", "Q", "Q", "Q", "Q", "Q", "Q", "Q", "Q", "Q", "Q", "Q", "Q", "Q", "Q", "Q", "Q", "Q", "Q", "Q", "Q", "Q", "Q", "Q", "Q", "Q", "Q"], "type": "Barrier"}}, {"args": [["q", [1]], ["q", [11]]], "op": {"type": "CX"}}, {"args": [["a[q[0]]", [0]], ["a[q[0]]", [1]], ["a[q[0]]", [2]], ["a[q[10]]", [0]], ["a[q[11]]", [0]], ["a[q[12]]", [0]], ["a[q[13]]", [0]], ["a[q[14]]", [0]], ["a[q[15]]", [0]], ["a[q[16]]", [0]], ["a[q[1]]", [0]], ["a[q[2]]", [0]], ["a[q[2]]", [1]], ["a[q[2]]", [2]], ["a[q[3]]", [0]], ["a[q[4]]", [0]], ["a[q[5]]", [0]], ["a[q[6]]", [0]], ["a[q[7]]", [0]], ["a[q[8]]", [0]], ["a[q[9]]", [0]], ["q", [0]], ["q", [1]], ["q", [2]], ["q", [3]], ["q", [4]], ["q", [5]], ["q", [6]], ["q", [7]], ["q", [8]], ["q", [9]], ["q", [10]], ["q", [11]], ["q", [12]], ["q", [13]], ["q", [14]], ["q", [15]], ["q", [16]]], "op": {"data": "", "signature": ["Q", "Q", "Q", "Q", "Q", "Q", "Q", "Q", "Q", "Q", "Q", "Q", "Q", "Q", "Q", "Q", "Q", "Q", "Q", "Q", "Q", "Q", "Q", "Q", "Q", "Q", "Q", "Q", "Q", "Q", "Q", "Q", "Q", "Q", "Q", "Q", "Q", "Q"], "type": "Barrier"}}, {"args": [["a[q[11]]", [0]], ["q", [11]]], "op": {"type": "CX"}}, {"args": [["a[q[11]]", [0]]], "op": {"type": "H"}}, {"args": [["a[q[0]]", [0]], ["a[q[0]]", [1]], ["a[q[0]]", [2]], ["a[q[10]]", [0]], ["a[q[11]]", [0]], ["a[q[12]]", [0]], ["a[q[13]]", [0]], ["a[q[14]]", [0]], ["a[q[15]]", [0]], ["a[q[16]]", [0]], ["a[q[1]]", [0]], ["a[q[2]]", [0]], ["a[q[2]]", [1]], ["a[q[2]]", [2]], ["a[q[3]]", [0]], ["a[q[4]]", [0]], ["a[q[5]]", [0]], ["a[q[6]]", [0]], ["a[q[7]]", [0]], ["a[q[8]]", [0]], ["a[q[9]]", [0]], ["q", [0]], ["q", [1]], ["q", [2]], ["q", [3]], ["q", [4]], ["q", [5]], ["q", [6]], ["q", [7]], ["q", [8]], ["q", [9]], ["q", [10]], ["q", [11]], ["q", [12]], ["q", [13]], ["q", [14]], ["q", [15]], ["q", [16]]], "op": {"data": "", "signature": ["Q", "Q", "Q", "Q", "Q", "Q", "Q", "Q", "Q", "Q", "Q", "Q", "Q", "Q", "Q", "Q", "Q", "Q", "Q", "Q", "Q", "Q", "Q", "Q", "Q", "Q", "Q", "Q", "Q", "Q", "Q", "Q", "Q", "Q", "Q", "Q", "Q", "Q"], "type": "Barrier"}}, {"args": [["q", [12]], ["q", [13]]], "op": {"type": "CX"}}, {"args": [["a[q[0]]", [0]], ["a[q[0]]", [1]], ["a[q[0]]", [2]], ["a[q[10]]", [0]], ["a[q[11]]", [0]], ["a[q[12]]", [0]], ["a[q[13]]", [0]], ["a[q[14]]", [0]], ["a[q[15]]", [0]], ["a[q[16]]", [0]], ["a[q[1]]", [0]], ["a[q[2]]", [0]], ["a[q[2]]", [1]], ["a[q[2]]", [2]], ["a[q[3]]", [0]], ["a[q[4]]", [0]], ["a[q[5]]", [0]], ["a[q[6]]", [0]], ["a[q[7]]", [0]], ["a[q[8]]", [0]], ["a[q[9]]", [0]], ["q", [0]], ["q", [1]], ["q", [2]], ["q", [3]], ["q", [4]], ["q", [5]], ["q", [6]], ["q", [7]], ["q", [8]], ["q", [9]], ["q", [10]], ["q", [11]], ["q", [12]], ["q", [13]], ["q", [14]], ["q", [15]], ["q", [16]]], "op": {"data": "", "signature": ["Q", "Q", "Q", "Q", "Q", "Q", "Q", "Q", "Q", "Q", "Q", "Q", "Q", "Q", "Q", "Q", "Q", "Q", "Q", "Q", "Q", "Q", "Q", "Q", "Q", "Q", "Q", "Q", "Q", "Q", "Q", "Q", "Q", "Q", "Q", "Q", "Q", "Q"], "type": "Barrier"}}, {"args": [["a[q[13]]", [0]], ["q", [13]]], "op": {"type": "CX"}}, {"args": [["a[q[13]]", [0]]], "op": {"type": "H"}}, {"args": [["a[q[0]]", [0]], ["a[q[0]]", [1]], ["a[q[0]]", [2]], ["a[q[10]]", [0]], ["a[q[11]]", [0]], ["a[q[12]]", [0]], ["a[q[13]]", [0]], ["a[q[14]]", [0]], ["a[q[15]]", [0]], ["a[q[16]]", [0]], ["a[q[1]]", [0]], ["a[q[2]]", [0]], ["a[q[2]]", [1]], ["a[q[2]]", [2]], ["a[q[3]]", [0]], ["a[q[4]]", [0]], ["a[q[5]]", [0]], ["a[q[6]]", [0]], ["a[q[7]]", [0]], ["a[q[8]]", [0]], ["a[q[9]]", [0]], ["q", [0]], ["q", [1]], ["q", [2]], ["q", [3]], ["q", [4]], ["q", [5]], ["q", [6]], ["q", [7]], ["q", [8]], ["q", [9]], ["q", [10]], ["q", [11]], ["q", [12]], ["q", [13]], ["q", [14]], ["q", [15]], ["q", [16]]], "op": {"data": "", "signature": ["Q", "Q", "Q", "Q", "Q", "Q", "Q", "Q", "Q", "Q", "Q", "Q", "Q", "Q", "Q", "Q", "Q", "Q", "Q", "Q", "Q", "Q", "Q", "Q", "Q", "Q", "Q", "Q", "Q", "Q", "Q", "Q", "Q", "Q", "Q", "Q", "Q", "Q"], "type": "Barrier"}}, {"args": [["q", [1]], ["q", [10]]], "op": {"type": "CX"}}, {"args": [["a[q[0]]", [0]], ["a[q[0]]", [1]], ["a[q[0]]", [2]], ["a[q[10]]", [0]], ["a[q[11]]", [0]], ["a[q[12]]", [0]], ["a[q[13]]", [0]], ["a[q[14]]", [0]], ["a[q[15]]", [0]], ["a[q[16]]", [0]], ["a[q[1]]", [0]], ["a[q[2]]", [0]], ["a[q[2]]", [1]], ["a[q[2]]", [2]], ["a[q[3]]", [0]], ["a[q[4]]", [0]], ["a[q[5]]", [0]], ["a[q[6]]", [0]], ["a[q[7]]", [0]], ["a[q[8]]", [0]], ["a[q[9]]", [0]], ["q", [0]], ["q", [1]], ["q", [2]], ["q", [3]], ["q", [4]], ["q", [5]], ["q", [6]], ["q", [7]], ["q", [8]], ["q", [9]], ["q", [10]], ["q", [11]], ["q", [12]], ["q", [13]], ["q", [14]], ["q", [15]], ["q", [16]]], "op": {"data": "", "signature": ["Q", "Q", "Q", "Q", "Q", "Q", "Q", "Q", "Q", "Q", "Q", "Q", "Q", "Q", "Q", "Q", "Q", "Q", "Q", "Q", "Q", "Q", "Q", "Q", "Q", "Q", "Q", "Q", "Q", "Q", "Q", "Q", "Q", "Q", "Q", "Q", "Q", "Q"], "type": "Barrier"}}, {"args": [["a[q[10]]", [0]], ["q", [10]]], "op": {"type": "CX"}}, {"args": [["a[q[10]]", [0]]], "op": {"type": "H"}}, {"args": [["a[q[0]]", [0]], ["a[q[0]]", [1]], ["a[q[0]]", [2]], ["a[q[10]]", [0]], ["a[q[11]]", [0]], ["a[q[12]]", [0]], ["a[q[13]]", [0]], ["a[q[14]]", [0]], ["a[q[15]]", [0]], ["a[q[16]]", [0]], ["a[q[1]]", [0]], ["a[q[2]]", [0]], ["a[q[2]]", [1]], ["a[q[2]]", [2]], ["a[q[3]]", [0]], ["a[q[4]]", [0]], ["a[q[5]]", [0]], ["a[q[6]]", [0]], ["a[q[7]]", [0]], ["a[q[8]]", [0]], ["a[q[9]]", [0]], ["q", [0]], ["q", [1]], ["q", [2]], ["q", [3]], ["q", [4]], ["q", [5]], ["q", [6]], ["q", [7]], ["q", [8]], ["q", [9]], ["q", [10]], ["q", [11]], ["q", [12]], ["q", [13]], ["q", [14]], ["q", [15]], ["q", [16]]], "op": {"data": "", "signature": ["Q", "Q", "Q", "Q", "Q", "Q", "Q", "Q", "Q", "Q", "Q", "Q", "Q", "Q", "Q", "Q", "Q", "Q", "Q", "Q", "Q", "Q", "Q", "Q", "Q", "Q", "Q", "Q", "Q", "Q", "Q", "Q", "Q", "Q", "Q", "Q", "Q", "Q"], "type": "Barrier"}}, {"args": [["q", [12]], ["q", [9]]], "op": {"type": "CX"}}, {"args": [["a[q[0]]", [0]], ["a[q[0]]", [1]], ["a[q[0]]", [2]], ["a[q[10]]", [0]], ["a[q[11]]", [0]], ["a[q[12]]", [0]], ["a[q[13]]", [0]], ["a[q[14]]", [0]], ["a[q[15]]", [0]], ["a[q[16]]", [0]], ["a[q[1]]", [0]], ["a[q[2]]", [0]], ["a[q[2]]", [1]], ["a[q[2]]", [2]], ["a[q[3]]", [0]], ["a[q[4]]", [0]], ["a[q[5]]", [0]], ["a[q[6]]", [0]], ["a[q[7]]", [0]], ["a[q[8]]", [0]], ["a[q[9]]", [0]], ["q", [0]], ["q", [1]], ["q", [2]], ["q", [3]], ["q", [4]], ["q", [5]], ["q", [6]], ["q", [7]], ["q", [8]], ["q", [9]], ["q", [10]], ["q", [11]], ["q", [12]], ["q", [13]], ["q", [14]], ["q", [15]], ["q", [16]]], "op": {"data": "", "signature": ["Q", "Q", "Q", "Q", "Q", "Q", "Q", "Q", "Q", "Q", "Q", "Q", "Q", "Q", "Q", "Q", "Q", "Q", "Q", "Q", "Q", "Q", "Q", "Q", "Q", "Q", "Q", "Q", "Q", "Q", "Q", "Q", "Q", "Q", "Q", "Q", "Q", "Q"], "type": "Barrier"}}, {"args": [["a[q[9]]", [0]], ["q", [9]]], "op": {"type": "CX"}}, {"args": [["a[q[9]]", [0]]], "op": {"type": "H"}}, {"args": [["a[q[0]]", [0]], ["a[q[0]]", [1]], ["a[q[0]]", [2]], ["a[q[10]]", [0]], ["a[q[11]]", [0]], ["a[q[12]]", [0]], ["a[q[13]]", [0]], ["a[q[14]]", [0]], ["a[q[15]]", [0]], ["a[q[16]]", [0]], ["a[q[1]]", [0]], ["a[q[2]]", [0]], ["a[q[2]]", [1]], ["a[q[2]]", [2]], ["a[q[3]]", [0]], ["a[q[4]]", [0]], ["a[q[5]]", [0]], ["a[q[6]]", [0]], ["a[q[7]]", [0]], ["a[q[8]]", [0]], ["a[q[9]]", [0]], ["q", [0]], ["q", [1]], ["q", [2]], ["q", [3]], ["q", [4]], ["q", [5]], ["q", [6]], ["q", [7]], ["q", [8]], ["q", [9]], ["q", [10]], ["q", [11]], ["q", [12]], ["q", [13]], ["q", [14]], ["q", [15]], ["q", [16]]], "op": {"data": "", "signature": ["Q", "Q", "Q", "Q", "Q", "Q", "Q", "Q", "Q", "Q", "Q", "Q", "Q", "Q", "Q", "Q", "Q", "Q", "Q", "Q", "Q", "Q", "Q", "Q", "Q", "Q", "Q", "Q", "Q", "Q", "Q", "Q", "Q", "Q", "Q", "Q", "Q", "Q"], "type": "Barrier"}}, {"args": [["q", [1]], ["q", [3]]], "op": {"type": "CX"}}, {"args": [["a[q[0]]", [0]], ["a[q[0]]", [1]], ["a[q[0]]", [2]], ["a[q[10]]", [0]], ["a[q[11]]", [0]], ["a[q[12]]", [0]], ["a[q[13]]", [0]], ["a[q[14]]", [0]], ["a[q[15]]", [0]], ["a[q[16]]", [0]], ["a[q[1]]", [0]], ["a[q[2]]", [0]], ["a[q[2]]", [1]], ["a[q[2]]", [2]], ["a[q[3]]", [0]], ["a[q[4]]", [0]], ["a[q[5]]", [0]], ["a[q[6]]", [0]], ["a[q[7]]", [0]], ["a[q[8]]", [0]], ["a[q[9]]", [0]], ["q", [0]], ["q", [1]], ["q", [2]], ["q", [3]], ["q", [4]], ["q", [5]], ["q", [6]], ["q", [7]], ["q", [8]], ["q", [9]], ["q", [10]], ["q", [11]], ["q", [12]], ["q", [13]], ["q", [14]], ["q", [15]], ["q", [16]]], "op": {"data": "", "signature": ["Q", "Q", "Q", "Q", "Q", "Q", "Q", "Q", "Q", "Q", "Q", "Q", "Q", "Q", "Q", "Q", "Q", "Q", "Q", "Q", "Q", "Q", "Q", "Q", "Q", "Q", "Q", "Q", "Q", "Q", "Q", "Q", "Q", "Q", "Q", "Q", "Q", "Q"], "type": "Barrier"}}, {"args": [["a[q[3]]", [0]], ["q", [3]]], "op": {"type": "CX"}}, {"args": [["a[q[3]]", [0]]], "op": {"type": "H"}}, {"args": [["a[q[0]]", [0]], ["a[q[0]]", [1]], ["a[q[0]]", [2]], ["a[q[10]]", [0]], ["a[q[11]]", [0]], ["a[q[12]]", [0]], ["a[q[13]]", [0]], ["a[q[14]]", [0]], ["a[q[15]]", [0]], ["a[q[16]]", [0]], ["a[q[1]]", [0]], ["a[q[2]]", [0]], ["a[q[2]]", [1]], ["a[q[2]]", [2]], ["a[q[3]]", [0]], ["a[q[4]]", [0]], ["a[q[5]]", [0]], ["a[q[6]]", [0]], ["a[q[7]]", [0]], ["a[q[8]]", [0]], ["a[q[9]]", [0]], ["q", [0]], ["q", [1]], ["q", [2]], ["q", [3]], ["q", [4]], ["q", [5]], ["q", [6]], ["q", [7]], ["q", [8]], ["q", [9]], ["q", [10]], ["q", [11]], ["q", [12]], ["q", [13]], ["q", [14]], ["q", [15]], ["q", [16]]], "op": {"data": "", "signature": ["Q", "Q", "Q", "Q", "Q", "Q", "Q", "Q", "Q", "Q", "Q", "Q", "Q", "Q", "Q", "Q", "Q", "Q", "Q", "Q", "Q", "Q", "Q", "Q", "Q", "Q", "Q", "Q", "Q", "Q", "Q", "Q", "Q", "Q", "Q", "Q", "Q", "Q"], "type": "Barrier"}}, {"args": [["q", [12]], ["q", [5]]], "op": {"type": "CX"}}, {"args": [["a[q[0]]", [0]], ["a[q[0]]", [1]], ["a[q[0]]", [2]], ["a[q[10]]", [0]], ["a[q[11]]", [0]], ["a[q[12]]", [0]], ["a[q[13]]", [0]], ["a[q[14]]", [0]], ["a[q[15]]", [0]], ["a[q[16]]", [0]], ["a[q[1]]", [0]], ["a[q[2]]", [0]], ["a[q[2]]", [1]], ["a[q[2]]", [2]], ["a[q[3]]", [0]], ["a[q[4]]", [0]], ["a[q[5]]", [0]], ["a[q[6]]", [0]], ["a[q[7]]", [0]], ["a[q[8]]", [0]], ["a[q[9]]", [0]], ["q", [0]], ["q", [1]], ["q", [2]], ["q", [3]], ["q", [4]], ["q", [5]], ["q", [6]], ["q", [7]], ["q", [8]], ["q", [9]], ["q", [10]], ["q", [11]], ["q", [12]], ["q", [13]], ["q", [14]], ["q", [15]], ["q", [16]]], "op": {"data": "", "signature": ["Q", "Q", "Q", "Q", "Q", "Q", "Q", "Q", "Q", "Q", "Q", "Q", "Q", "Q", "Q", "Q", "Q", "Q", "Q", "Q", "Q", "Q", "Q", "Q", "Q", "Q", "Q", "Q", "Q", "Q", "Q", "Q", "Q", "Q", "Q", "Q", "Q", "Q"], "type": "Barrier"}}, {"args": [["a[q[5]]", [0]], ["q", [5]]], "op": {"type": "CX"}}, {"args": [["a[q[5]]", [0]]], "op": {"type": "H"}}, {"args": [["a[q[0]]", [0]], ["a[q[0]]", [1]], ["a[q[0]]", [2]], ["a[q[10]]", [0]], ["a[q[11]]", [0]], ["a[q[12]]", [0]], ["a[q[13]]", [0]], ["a[q[14]]", [0]], ["a[q[15]]", [0]], ["a[q[16]]", [0]], ["a[q[1]]", [0]], ["a[q[2]]", [0]], ["a[q[2]]", [1]], ["a[q[2]]", [2]], ["a[q[3]]", [0]], ["a[q[4]]", [0]], ["a[q[5]]", [0]], ["a[q[6]]", [0]], ["a[q[7]]", [0]], ["a[q[8]]", [0]], ["a[q[9]]", [0]], ["q", [0]], ["q", [1]], ["q", [2]], ["q", [3]], ["q", [4]], ["q", [5]], ["q", [6]], ["q", [7]], ["q", [8]], ["q", [9]], ["q", [10]], ["q", [11]], ["q", [12]], ["q", [13]], ["q", [14]], ["q", [15]], ["q", [16]]], "op": {"data": "", "signature": ["Q", "Q", "Q", "Q", "Q", "Q", "Q", "Q", "Q", "Q", "Q", "Q", "Q", "Q", "Q", "Q", "Q", "Q", "Q", "Q", "Q", "Q", "Q", "Q", "Q", "Q", "Q", "Q", "Q", "Q", "Q", "Q", "Q", "Q", "Q", "Q", "Q", "Q"], "type": "Barrier"}}, {"args": [["q", [12]], ["a[q[12]]", [0]]], "op": {"type": "CX"}}, {"args": [["a[q[12]]", [0]]], "op": {"type": "H"}}, {"args": [["a[q[0]]", [0]], ["a[q[0]]", [1]], ["a[q[0]]", [2]], ["a[q[10]]", [0]], ["a[q[11]]", [0]], ["a[q[12]]", [0]], ["a[q[13]]", [0]], ["a[q[14]]", [0]], ["a[q[15]]", [0]], ["a[q[16]]", [0]], ["a[q[1]]", [0]], ["a[q[2]]", [0]], ["a[q[2]]", [1]], ["a[q[2]]", [2]], ["a[q[3]]", [0]], ["a[q[4]]", [0]], ["a[q[5]]", [0]], ["a[q[6]]", [0]], ["a[q[7]]", [0]], ["a[q[8]]", [0]], ["a[q[9]]", [0]], ["q", [0]], ["q", [1]], ["q", [2]], ["q", [3]], ["q", [4]], ["q", [5]], ["q", [6]], ["q", [7]], ["q", [8]], ["q", [9]], ["q", [10]], ["q", [11]], ["q", [12]], ["q", [13]], ["q", [14]], ["q", [15]], ["q", [16]]], "op": {"data": "", "signature": ["Q", "Q", "Q", "Q", "Q", "Q", "Q", "Q", "Q", "Q", "Q", "Q", "Q", "Q", "Q", "Q", "Q", "Q", "Q", "Q", "Q", "Q", "Q", "Q", "Q", "Q", "Q", "Q", "Q", "Q", "Q", "Q", "Q", "Q", "Q", "Q", "Q", "Q"], "type": "Barrier"}}, {"args": [["q", [1]], ["a[q[1]]", [0]]], "op": {"type": "CX"}}, {"args": [["a[q[1]]", [0]]], "op": {"type": "H"}}, {"args": [["a[q[0]]", [0]], ["a[q[0]]", [1]], ["a[q[0]]", [2]], ["a[q[10]]", [0]], ["a[q[11]]", [0]], ["a[q[12]]", [0]], ["a[q[13]]", [0]], ["a[q[14]]", [0]], ["a[q[15]]", [0]], ["a[q[16]]", [0]], ["a[q[1]]", [0]], ["a[q[2]]", [0]], ["a[q[2]]", [1]], ["a[q[2]]", [2]], ["a[q[3]]", [0]], ["a[q[4]]", [0]], ["a[q[5]]", [0]], ["a[q[6]]", [0]], ["a[q[7]]", [0]], ["a[q[8]]", [0]], ["a[q[9]]", [0]], ["q", [0]], ["q", [1]], ["q", [2]], ["q", [3]], ["q", [4]], ["q", [5]], ["q", [6]], ["q", [7]], ["q", [8]], ["q", [9]], ["q", [10]], ["q", [11]], ["q", [12]], ["q", [13]], ["q", [14]], ["q", [15]], ["q", [16]]], "op": {"data": "", "signature": ["Q", "Q", "Q", "Q", "Q", "Q", "Q", "Q", "Q", "Q", "Q", "Q", "Q", "Q", "Q", "Q", "Q", "Q", "Q", "Q", "Q", "Q", "Q", "Q", "Q", "Q", "Q", "Q", "Q", "Q", "Q", "Q", "Q", "Q", "Q", "Q", "Q", "Q"], "type": "Barrier"}}, {"args": [["a[q[0]]", [0]], ["c", [0]]], "op": {"type": "Measure"}}, {"args": [["a[q[0]]", [1]], ["c", [1]]], "op": {"type": "Measure"}}, {"args": [["a[q[0]]", [2]], ["c", [2]]], "op": {"type": "Measure"}}, {"args": [["a[q[10]]", [0]], ["c", [3]]], "op": {"type": "Measure"}}, {"args": [["a[q[11]]", [0]], ["c", [4]]], "op": {"type": "Measure"}}, {"args": [["a[q[12]]", [0]], ["c", [5]]], "op": {"type": "Measure"}}, {"args": [["a[q[13]]", [0]], ["c", [6]]], "op": {"type": "Measure"}}, {"args": [["a[q[14]]", [0]], ["c", [7]]], "op": {"type": "Measure"}}, {"args": [["a[q[15]]", [0]], ["c", [8]]], "op": {"type": "Measure"}}, {"args": [["a[q[16]]", [0]], ["c", [9]]], "op": {"type": "Measure"}}, {"args": [["a[q[1]]", [0]], ["c", [10]]], "op": {"type": "Measure"}}, {"args": [["a[q[2]]", [0]], ["c", [11]]], "op": {"type": "Measure"}}, {"args": [["a[q[2]]", [1]], ["c", [12]]], "op": {"type": "Measure"}}, {"args": [["a[q[2]]", [2]], ["c", [13]]], "op": {"type": "Measure"}}, {"args": [["a[q[3]]", [0]], ["c", [14]]], "op": {"type": "Measure"}}, {"args": [["a[q[4]]", [0]], ["c", [15]]], "op": {"type": "Measure"}}, {"args": [["a[q[5]]", [0]], ["c", [16]]], "op": {"type": "Measure"}}, {"args": [["a[q[6]]", [0]], ["c", [17]]], "op": {"type": "Measure"}}, {"args": [["a[q[7]]", [0]], ["c", [18]]], "op": {"type": "Measure"}}, {"args": [["a[q[8]]", [0]], ["c", [19]]], "op": {"type": "Measure"}}, {"args": [["a[q[9]]", [0]], ["c", [20]]], "op": {"type": "Measure"}}, {"args": [["q", [0]], ["c", [21]]], "op": {"type": "Measure"}}, {"args": [["q", [1]], ["c", [22]]], "op": {"type": "Measure"}}, {"args": [["q", [2]], ["c", [23]]], "op": {"type": "Measure"}}, {"args": [["q", [3]], ["c", [24]]], "op": {"type": "Measure"}}, {"args": [["q", [4]], ["c", [25]]], "op": {"type": "Measure"}}, {"args": [["q", [5]], ["c", [26]]], "op": {"type": "Measure"}}, {"args": [["q", [6]], ["c", [27]]], "op": {"type": "Measure"}}, {"args": [["q", [7]], ["c", [28]]], "op": {"type": "Measure"}}, {"args": [["q", [8]], ["c", [29]]], "op": {"type": "Measure"}}, {"args": [["q", [9]], ["c", [30]]], "op": {"type": "Measure"}}, {"args": [["q", [10]], ["c", [31]]], "op": {"type": "Measure"}}, {"args": [["q", [11]], ["c", [32]]], "op": {"type": "Measure"}}, {"args": [["q", [12]], ["c", [33]]], "op": {"type": "Measure"}}, {"args": [["q", [13]], ["c", [34]]], "op": {"type": "Measure"}}, {"args": [["q", [14]], ["c", [35]]], "op": {"type": "Measure"}}, {"args": [["q", [15]], ["c", [36]]], "op": {"type": "Measure"}}, {"args": [["q", [16]], ["c", [37]]], "op": {"type": "Measure"}}], "created_qubits": [], "discarded_qubits": [], "implicit_permutation": [[["a[q[0]]", [0]], ["a[q[0]]", [0]]], [["a[q[0]]", [1]], ["a[q[0]]", [1]]], [["a[q[0]]", [2]], ["a[q[0]]", [2]]], [["a[q[10]]", [0]], ["a[q[10]]", [0]]], [["a[q[11]]", [0]], ["a[q[11]]", [0]]], [["a[q[12]]", [0]], ["a[q[12]]", [0]]], [["a[q[13]]", [0]], ["a[q[13]]", [0]]], [["a[q[14]]", [0]], ["a[q[14]]", [0]]], [["a[q[15]]", [0]], ["a[q[15]]", [0]]], [["a[q[16]]", [0]], ["a[q[16]]", [0]]], [["a[q[1]]", [0]], ["a[q[1]]", [0]]], [["a[q[2]]", [0]], ["a[q[2]]", [0]]], [["a[q[2]]", [1]], ["a[q[2]]", [1]]], [["a[q[2]]", [2]], ["a[q[2]]", [2]]], [["a[q[3]]", [0]], ["a[q[3]]", [0]]], [["a[q[4]]", [0]], ["a[q[4]]", [0]]], [["a[q[5]]", [0]], ["a[q[5]]", [0]]], [["a[q[6]]", [0]], ["a[q[6]]", [0]]], [["a[q[7]]", [0]], ["a[q[7]]", [0]]], [["a[q[8]]", [0]], ["a[q[8]]", [0]]], [["a[q[9]]", [0]], ["a[q[9]]", [0]]], [["q", [0]], ["q", [0]]], [["q", [1]], ["q", [1]]], [["q", [2]], ["q", [2]]], [["q", [3]], ["q", [3]]], [["q", [4]], ["q", [4]]], [["q", [5]], ["q", [5]]], [["q", [6]], ["q", [6]]], [["q", [7]], ["q", [7]]], [["q", [8]], ["q", [8]]], [["q", [9]], ["q", [9]]], [["q", [10]], ["q", [10]]], [["q", [11]], ["q", [11]]], [["q", [12]], ["q", [12]]], [["q", [13]], ["q", [13]]], [["q", [14]], ["q", [14]]], [["q", [15]], ["q", [15]]], [["q", [16]], ["q", [16]]]], "phase": "0.0", "qubits": [["a[q[0]]", [0]], ["a[q[0]]", [1]], ["a[q[0]]", [2]], ["a[q[10]]", [0]], ["a[q[11]]", [0]], ["a[q[12]]", [0]], ["a[q[13]]", [0]], ["a[q[14]]", [0]], ["a[q[15]]", [0]], ["a[q[16]]", [0]], ["a[q[1]]", [0]], ["a[q[2]]", [0]], ["a[q[2]]", [1]], ["a[q[2]]", [2]], ["a[q[3]]", [0]], ["a[q[4]]", [0]], ["a[q[5]]", [0]], ["a[q[6]]", [0]], ["a[q[7]]", [0]], ["a[q[8]]", [0]], ["a[q[9]]", [0]], ["q", [0]], ["q", [1]], ["q", [2]], ["q", [3]], ["q", [4]], ["q", [5]], ["q", [6]], ["q", [7]], ["q", [8]], ["q", [9]], ["q", [10]], ["q", [11]], ["q", [12]], ["q", [13]], ["q", [14]], ["q", [15]], ["q", [16]]]}