{"bits": [["b[q[0]]", [0]], ["b[q[3]]", [0]], ["b[q[5]]", [0]], ["b[q[6]]", [0]]], "commands": [{"args": [["q", [3]]], "op": {"type": "H"}}, {"args": [["q", [5]]], "op": {"type": "H"}}, {"args": [["q", [6]]], "op": {"type": "H"}}, {"args": [["a[q[3]]", [0]], ["q", [3]], ["q", [0]], ["q", [1]], ["q", [2]]], "op": {"data": "", "signature": ["Q", "Q", "Q", "Q", "Q"], "type": "Barrier"}}, {"args": [["q", [3]], ["a[q[3]]", [0]]], "op": {"type": "CX"}}, {"args": [["a[q[3]]", [0]], ["q", [3]], ["q", [0]], ["q", [1]], ["q", [2]]], "op": {"data": "", "signature": ["Q", "Q", "Q", "Q", "Q"], "type": "Barrier"}}, {"args": [["q", [3]], ["q", [2]]], "op": {"type": "CX"}}, {"args": [["a[q[3]]", [0]], ["q", [3]], ["q", [0]], ["q", [1]], ["q", [2]]], "op": {"data": "", "signature": ["Q", "Q", "Q", "Q", "Q"], "type": "Barrier"}}, {"args": [["q", [3]], ["q", [1]]], "op": {"type": "CX"}}, {"args": [["a[q[3]]", [0]], ["q", [3]], ["q", [0]], ["q", [1]], ["q", [2]]], "op": {"data": "", "signature": ["Q", "Q", "Q", "Q", "Q"], "type": "Barrier"}}, {"args": [["q", [3]], ["q", [0]]], "op": {"type": "CX"}}, {"args": [["a[q[3]]", [0]], ["q", [3]], ["q", [0]], ["q", [1]], ["q", [2]]], "op": {"data": "", "signature": ["Q", "Q", "Q", "Q", "Q"], "type": "Barrier"}}, {"args": [["q", [3]], ["a[q[3]]", [0]]], "op": {"type": "CX"}}, {"args": [["a[q[3]]", [0]], ["q", [3]], ["q", [0]], ["q", [1]], ["q", [2]]], "op": {"data": "", "signature": ["Q", "Q", "Q", "Q", "Q"], "type": "Barrier"}}, {"args": [["a[q[3]]", [0]], ["b[q[0]]", [0]]], "op": {"type": "Measure"}}, {"args": [["a[q[6]]", [0]], ["q", [6]], ["q", [0]], ["q", [4]], ["q", [2]]], "op": {"data": "", "signature": ["Q", "Q", "Q", "Q", "Q"], "type": "Barrier"}}, {"args": [["q", [6]], ["a[q[6]]", [0]]], "op": {"type": "CX"}}, {"args": [["a[q[6]]", [0]], ["q", [6]], ["q", [0]], ["q", [4]], ["q", [2]]], "op": {"data": "", "signature": ["Q", "Q", "Q", "Q", "Q"], "type": "Barrier"}}, {"args": [["q", [6]], ["q", [2]]], "op": {"type": "CX"}}, {"args": [["a[q[6]]", [0]], ["q", [6]], ["q", [0]], ["q", [4]], ["q", [2]]], "op": {"data": "", "signature": ["Q", "Q", "Q", "Q", "Q"], "type": "Barrier"}}, {"args": [["q", [6]], ["q", [4]]], "op": {"type": "CX"}}, {"args": [["a[q[6]]", [0]], ["q", [6]], ["q", [0]], ["q", [4]], ["q", [2]]], "op": {"data": "", "signature": ["Q", "Q", "Q", "Q", "Q"], "type": "Barrier"}}, {"args": [["q", [6]], ["q", [0]]], "op": {"type": "CX"}}, {"args": [["a[q[6]]", [0]], ["q", [6]], ["q", [0]], ["q", [4]], ["q", [2]]], "op": {"data": "", "signature": ["Q", "Q", "Q", "Q", "Q"], "type": "Barrier"}}, {"args": [["q", [6]], ["a[q[6]]", [0]]], "op": {"type": "CX"}}, {"args": [["a[q[6]]", [0]], ["q", [6]], ["q", [0]], ["q", [4]], ["q", [2]]], "op": {"data": "", "signature": ["Q", "Q", "Q", "Q", "Q"], "type": "Barrier"}}, {"args": [["a[q[5]]", [0]], ["q", [5]], ["q", [1]], ["q", [2]], ["q", [4]]], "op": {"data": "", "signature": ["Q", "Q", "Q", "Q", "Q"], "type": "Barrier"}}, {"args": [["a[q[6]]", [0]], ["b[q[0]]", [0]]], "op": {"type": "Measure"}}, {"args": [["q", [5]], ["a[q[5]]", [0]]], "op": {"type": "CX"}}, {"args": [["a[q[5]]", [0]], ["q", [5]], ["q", [1]], ["q", [2]], ["q", [4]]], "op": {"data": "", "signature": ["Q", "Q", "Q", "Q", "Q"], "type": "Barrier"}}, {"args": [["q", [5]], ["q", [4]]], "op": {"type": "CX"}}, {"args": [["a[q[5]]", [0]], ["q", [5]], ["q", [1]], ["q", [2]], ["q", [4]]], "op": {"data": "", "signature": ["Q", "Q", "Q", "Q", "Q"], "type": "Barrier"}}, {"args": [["q", [5]], ["q", [2]]], "op": {"type": "CX"}}, {"args": [["a[q[5]]", [0]], ["q", [5]], ["q", [1]], ["q", [2]], ["q", [4]]], "op": {"data": "", "signature": ["Q", "Q", "Q", "Q", "Q"], "type": "Barrier"}}, {"args": [["q", [5]], ["q", [1]]], "op": {"type": "CX"}}, {"args": [["a[q[5]]", [0]], ["q", [5]], ["q", [1]], ["q", [2]], ["q", [4]]], "op": {"data": "", "signature": ["Q", "Q", "Q", "Q", "Q"], "type": "Barrier"}}, {"args": [["q", [5]], ["a[q[5]]", [0]]], "op": {"type": "CX"}}, {"args": [["a[q[5]]", [0]], ["q", [5]], ["q", [1]], ["q", [2]], ["q", [4]]], "op": {"data": "", "signature": ["Q", "Q", "Q", "Q", "Q"], "type": "Barrier"}}, {"args": [["a[q[5]]", [0]], ["b[q[0]]", [0]]], "op": {"type": "Measure"}}], "created_qubits": [], "discarded_qubits": [], "implicit_permutation": [[["a[q[3]]", [0]], ["a[q[3]]", [0]]], [["a[q[5]]", [0]], ["a[q[5]]", [0]]], [["a[q[6]]", [0]], ["a[q[6]]", [0]]], [["q", [0]], ["q", [0]]], [["q", [1]], ["q", [1]]], [["q", [2]], ["q", [2]]], [["q", [3]], ["q", [3]]], [["q", [4]], ["q", [4]]], [["q", [5]], ["q", [5]]], [["q", [6]], ["q", [6]]]], "phase": "0.0", "qubits": [["a[q[3]]", [0]], ["a[q[5]]", [0]], ["a[q[6]]", [0]], ["q", [0]], ["q", [1]], ["q", [2]], ["q", [3]], ["q", [4]], ["q", [5]], ["q", [6]]]}